id,qtype,category,score_role,as_of,template47,mode,recall@10,mrr@10,latency_ms,last_retrieval_mode
p1-lx-01-new,lexical,hard,arm,T0,0,bm25,1.0000,1.0000,45.287281,bm25
p1-lx-01-new,lexical,hard,arm,T0,0,dense,1.0000,1.0000,8.899632,dense
p1-lx-01-new,lexical,hard,arm,T0,0,hybrid,1.0000,1.0000,49.476630,hybrid
p1-lx-01-new,lexical,hard,arm,T0,0,hybrid+rerank,1.0000,1.0000,50.181433,hybrid+rerank
p1-lx-02-new,lexical,hard,arm,T0,0,bm25,1.0000,1.0000,38.920334,bm25
p1-lx-02-new,lexical,hard,arm,T0,0,dense,1.0000,1.0000,8.855016,dense
p1-lx-02-new,lexical,hard,arm,T0,0,hybrid,1.0000,1.0000,47.623079,hybrid
p1-lx-02-new,lexical,hard,arm,T0,0,hybrid+rerank,1.0000,1.0000,49.737295,hybrid+rerank
p1-lx-03-new,lexical,hard,arm,T1,0,bm25,1.0000,1.0000,62.423088,bm25
p1-lx-03-new,lexical,hard,arm,T1,0,dense,1.0000,1.0000,12.734196,dense
p1-lx-03-new,lexical,hard,arm,T1,0,hybrid,1.0000,1.0000,75.288398,hybrid
p1-lx-03-new,lexical,hard,arm,T1,0,hybrid+rerank,1.0000,1.0000,75.191333,hybrid+rerank
p1-lx-04-new,lexical,hard,arm,T1,0,bm25,1.0000,1.0000,65.494942,bm25
p1-lx-04-new,lexical,hard,arm,T1,0,dense,1.0000,1.0000,12.886667,dense
p1-lx-04-new,lexical,hard,arm,T1,0,hybrid,1.0000,1.0000,72.688026,hybrid
p1-lx-04-new,lexical,hard,arm,T1,0,hybrid+rerank,1.0000,1.0000,75.639937,hybrid+rerank
p1-lx-05-new,lexical,hard,arm,T1,0,bm25,1.0000,1.0000,63.431203,bm25
p1-lx-05-new,lexical,hard,arm,T1,0,dense,1.0000,1.0000,13.456121,dense
p1-lx-05-new,lexical,hard,arm,T1,0,hybrid,1.0000,1.0000,75.667036,hybrid
p1-lx-05-new,lexical,hard,arm,T1,0,hybrid+rerank,1.0000,1.0000,75.212876,hybrid+rerank
p1-lx-06-new,lexical,hard,arm,T1,0,bm25,1.0000,0.2500,65.607274,bm25
p1-lx-06-new,lexical,hard,arm,T1,0,dense,0.0000,0.0000,12.658398,dense
p1-lx-06-new,lexical,hard,arm,T1,0,hybrid,0.0000,0.0000,81.024782,hybrid
p1-lx-06-new,lexical,hard,arm,T1,0,hybrid+rerank,0.0000,0.0000,86.511747,hybrid+rerank
p1-lx-07-new,lexical,hard,arm,T1,0,bm25,1.0000,1.0000,67.489266,bm25
p1-lx-07-new,lexical,hard,arm,T1,0,dense,1.0000,1.0000,13.084761,dense
p1-lx-07-new,lexical,hard,arm,T1,0,hybrid,1.0000,1.0000,73.745823,hybrid
p1-lx-07-new,lexical,hard,arm,T1,0,hybrid+rerank,1.0000,1.0000,73.929243,hybrid+rerank
p1-lx-08-new,lexical,hard,arm,T1,0,bm25,1.0000,1.0000,64.426413,bm25
p1-lx-08-new,lexical,hard,arm,T1,0,dense,1.0000,1.0000,13.619039,dense
p1-lx-08-new,lexical,hard,arm,T1,0,hybrid,1.0000,1.0000,80.585226,hybrid
p1-lx-08-new,lexical,hard,arm,T1,0,hybrid+rerank,1.0000,1.0000,76.498918,hybrid+rerank
p1-lx-09-new,lexical,hard,arm,T0,0,bm25,1.0000,1.0000,40.696368,bm25
p1-lx-09-new,lexical,hard,arm,T0,0,dense,1.0000,1.0000,8.838400,dense
p1-lx-09-new,lexical,hard,arm,T0,0,hybrid,1.0000,1.0000,46.618391,hybrid
p1-lx-09-new,lexical,hard,arm,T0,0,hybrid+rerank,1.0000,1.0000,64.316860,hybrid+rerank
p1-lx-10-new,lexical,hard,arm,T1,0,bm25,1.0000,1.0000,67.273100,bm25
p1-lx-10-new,lexical,hard,arm,T1,0,dense,1.0000,1.0000,13.411400,dense
p1-lx-10-new,lexical,hard,arm,T1,0,hybrid,1.0000,1.0000,73.856421,hybrid
p1-lx-10-new,lexical,hard,arm,T1,0,hybrid+rerank,1.0000,1.0000,82.679959,hybrid+rerank
p1-lx-11-new,lexical,hard,arm,T1,0,bm25,1.0000,1.0000,62.707392,bm25
p1-lx-11-new,lexical,hard,arm,T1,0,dense,1.0000,1.0000,13.382069,dense
p1-lx-11-new,lexical,hard,arm,T1,0,hybrid,1.0000,1.0000,75.059277,hybrid
p1-lx-11-new,lexical,hard,arm,T1,0,hybrid+rerank,1.0000,1.0000,79.565878,hybrid+rerank
p1-lx-12-new,lexical,hard,arm,T0,0,bm25,1.0000,1.0000,41.141242,bm25
p1-lx-12-new,lexical,hard,arm,T0,0,dense,1.0000,1.0000,8.874227,dense
p1-lx-12-new,lexical,hard,arm,T0,0,hybrid,1.0000,1.0000,49.712757,hybrid
p1-lx-12-new,lexical,hard,arm,T0,0,hybrid+rerank,1.0000,1.0000,53.178733,hybrid+rerank
p1-mh-02-new,multi_hop,trap,arm,T1,0,bm25,1.0000,0.1429,65.586500,bm25
p1-mh-02-new,multi_hop,trap,arm,T1,0,dense,1.0000,0.1429,13.630468,dense
p1-mh-02-new,multi_hop,trap,arm,T1,0,hybrid,1.0000,0.2500,77.201226,hybrid
p1-mh-02-new,multi_hop,trap,arm,T1,0,hybrid+rerank,1.0000,0.5000,77.607463,hybrid+rerank
p1-mh-03-new,multi_hop,trap,arm,T1,0,bm25,1.0000,0.3333,61.258602,bm25
p1-mh-03-new,multi_hop,trap,arm,T1,0,dense,1.0000,1.0000,12.837895,dense
p1-mh-03-new,multi_hop,trap,arm,T1,0,hybrid,1.0000,0.5000,75.321903,hybrid
p1-mh-03-new,multi_hop,trap,arm,T1,0,hybrid+rerank,1.0000,0.5000,75.845779,hybrid+rerank
p1-mh-04-new,multi_hop,trap,arm,T1,0,bm25,1.0000,0.1250,61.258380,bm25
p1-mh-04-new,multi_hop,trap,arm,T1,0,dense,1.0000,0.2000,13.420582,dense
p1-mh-04-new,multi_hop,trap,arm,T1,0,hybrid,1.0000,0.2500,74.802505,hybrid
p1-mh-04-new,multi_hop,trap,arm,T1,0,hybrid+rerank,1.0000,0.1429,79.593355,hybrid+rerank
p1-mh-05-new,multi_hop,hard,arm,T1,0,bm25,1.0000,0.1000,60.672018,bm25
p1-mh-05-new,multi_hop,hard,arm,T1,0,dense,1.0000,0.1667,12.816306,dense
p1-mh-05-new,multi_hop,hard,arm,T1,0,hybrid,1.0000,0.1429,72.639871,hybrid
p1-mh-05-new,multi_hop,hard,arm,T1,0,hybrid+rerank,1.0000,0.5000,74.402276,hybrid+rerank
p1-mh-06-new,multi_hop,hard,arm,T1,0,bm25,1.0000,0.3333,62.740950,bm25
p1-mh-06-new,multi_hop,hard,arm,T1,0,dense,1.0000,0.1250,13.389401,dense
p1-mh-06-new,multi_hop,hard,arm,T1,0,hybrid,1.0000,0.3333,74.302585,hybrid
p1-mh-06-new,multi_hop,hard,arm,T1,0,hybrid+rerank,1.0000,0.5000,76.828860,hybrid+rerank
p1-mh-07-new,multi_hop,hard,arm,T1,0,bm25,1.0000,1.0000,59.972534,bm25
p1-mh-07-new,multi_hop,hard,arm,T1,0,dense,1.0000,1.0000,12.575657,dense
p1-mh-07-new,multi_hop,hard,arm,T1,0,hybrid,1.0000,1.0000,71.220469,hybrid
p1-mh-07-new,multi_hop,hard,arm,T1,0,hybrid+rerank,1.0000,1.0000,74.390855,hybrid+rerank
p1-mh-08-new,multi_hop,hard,arm,T1,0,bm25,1.0000,1.0000,64.004250,bm25
p1-mh-08-new,multi_hop,hard,arm,T1,0,dense,1.0000,1.0000,13.725721,dense
p1-mh-08-new,multi_hop,hard,arm,T1,0,hybrid,1.0000,1.0000,73.952140,hybrid
p1-mh-08-new,multi_hop,hard,arm,T1,0,hybrid+rerank,1.0000,1.0000,74.790403,hybrid+rerank
p1-mh-09-new,multi_hop,hard,arm,T1,0,bm25,1.0000,0.1667,59.389622,bm25
p1-mh-09-new,multi_hop,hard,arm,T1,0,dense,1.0000,0.5000,12.990528,dense
p1-mh-09-new,multi_hop,hard,arm,T1,0,hybrid,1.0000,0.5000,72.706631,hybrid
p1-mh-09-new,multi_hop,hard,arm,T1,0,hybrid+rerank,1.0000,0.5000,73.685807,hybrid+rerank
p1-mh-10-new,multi_hop,hard,arm,T1,0,bm25,1.0000,1.0000,61.302128,bm25
p1-mh-10-new,multi_hop,hard,arm,T1,0,dense,1.0000,1.0000,14.181297,dense
p1-mh-10-new,multi_hop,hard,arm,T1,0,hybrid,1.0000,1.0000,77.837824,hybrid
p1-mh-10-new,multi_hop,hard,arm,T1,0,hybrid+rerank,1.0000,1.0000,77.568688,hybrid+rerank
p1-mh-11-new,multi_hop,hard,arm,T1,0,bm25,1.0000,0.2000,59.540720,bm25
p1-mh-11-new,multi_hop,hard,arm,T1,0,dense,1.0000,1.0000,13.087674,dense
p1-mh-11-new,multi_hop,hard,arm,T1,0,hybrid,1.0000,1.0000,72.913961,hybrid
p1-mh-11-new,multi_hop,hard,arm,T1,0,hybrid+rerank,1.0000,0.5000,74.613055,hybrid+rerank
p1-mh-13-new,multi_hop,hard,arm,T0,0,bm25,1.0000,0.2500,38.558382,bm25
p1-mh-13-new,multi_hop,hard,arm,T0,0,dense,1.0000,1.0000,8.877505,dense
p1-mh-13-new,multi_hop,hard,arm,T0,0,hybrid,1.0000,0.5000,47.698280,hybrid
p1-mh-13-new,multi_hop,hard,arm,T0,0,hybrid+rerank,1.0000,1.0000,50.041699,hybrid+rerank
p1-mh-14-new,multi_hop,hard,arm,T0,0,bm25,1.0000,1.0000,37.566566,bm25
p1-mh-14-new,multi_hop,hard,arm,T0,0,dense,1.0000,0.3333,8.887948,dense
p1-mh-14-new,multi_hop,hard,arm,T0,0,hybrid,1.0000,1.0000,46.081376,hybrid
p1-mh-14-new,multi_hop,hard,arm,T0,0,hybrid+rerank,1.0000,0.1667,47.665104,hybrid+rerank
s1-d0-01-q1,paraphrase,trap,guardrail,T1,0,bm25,1.0000,0.5000,61.103679,bm25
s1-d0-01-q1,paraphrase,trap,guardrail,T1,0,dense,1.0000,0.5000,13.002959,dense
s1-d0-01-q1,paraphrase,trap,guardrail,T1,0,hybrid,1.0000,0.5000,75.071477,hybrid
s1-d0-01-q1,paraphrase,trap,guardrail,T1,0,hybrid+rerank,1.0000,0.5000,74.701748,hybrid+rerank
s1-d0-01-q2,paraphrase,trap,guardrail,T1,0,bm25,1.0000,1.0000,59.221568,bm25
s1-d0-01-q2,paraphrase,trap,guardrail,T1,0,dense,1.0000,1.0000,13.109194,dense
s1-d0-01-q2,paraphrase,trap,guardrail,T1,0,hybrid,1.0000,1.0000,73.088041,hybrid
s1-d0-01-q2,paraphrase,trap,guardrail,T1,0,hybrid+rerank,1.0000,1.0000,75.301234,hybrid+rerank
s1-d0-01-q3,paraphrase,trap,guardrail,T1,0,bm25,1.0000,0.5000,60.375160,bm25
s1-d0-01-q3,paraphrase,trap,guardrail,T1,0,dense,1.0000,1.0000,12.989550,dense
s1-d0-01-q3,paraphrase,trap,guardrail,T1,0,hybrid,1.0000,1.0000,74.095901,hybrid
s1-d0-01-q3,paraphrase,trap,guardrail,T1,0,hybrid+rerank,1.0000,0.5000,74.298848,hybrid+rerank
s1-d0-01-q4,paraphrase,trap,guardrail,T1,0,bm25,0.0000,0.0000,59.673576,bm25
s1-d0-01-q4,paraphrase,trap,guardrail,T1,0,dense,1.0000,0.1250,12.976855,dense
s1-d0-01-q4,paraphrase,trap,guardrail,T1,0,hybrid,1.0000,0.1250,76.661645,hybrid
s1-d0-01-q4,paraphrase,trap,guardrail,T1,0,hybrid+rerank,1.0000,0.1111,78.980522,hybrid+rerank
s1-d0-02-q1,paraphrase,trap,guardrail,T1,0,bm25,1.0000,0.1667,59.513724,bm25
s1-d0-02-q1,paraphrase,trap,guardrail,T1,0,dense,1.0000,0.5000,12.915769,dense
s1-d0-02-q1,paraphrase,trap,guardrail,T1,0,hybrid,1.0000,1.0000,71.924543,hybrid
s1-d0-02-q1,paraphrase,trap,guardrail,T1,0,hybrid+rerank,1.0000,0.5000,73.852621,hybrid+rerank
s1-d0-02-q2,paraphrase,hard,arm,T1,0,bm25,1.0000,0.1429,59.947186,bm25
s1-d0-02-q2,paraphrase,hard,arm,T1,0,dense,0.0000,0.0000,13.452913,dense
s1-d0-02-q2,paraphrase,hard,arm,T1,0,hybrid,1.0000,0.3333,74.063005,hybrid
s1-d0-02-q2,paraphrase,hard,arm,T1,0,hybrid+rerank,1.0000,0.2000,74.825240,hybrid+rerank
s1-d0-02-q3,paraphrase,trap,guardrail,T1,0,bm25,1.0000,1.0000,60.270592,bm25
s1-d0-02-q3,paraphrase,trap,guardrail,T1,0,dense,1.0000,1.0000,14.125946,dense
s1-d0-02-q3,paraphrase,trap,guardrail,T1,0,hybrid,1.0000,1.0000,83.353315,hybrid
s1-d0-02-q3,paraphrase,trap,guardrail,T1,0,hybrid+rerank,1.0000,1.0000,77.886969,hybrid+rerank
s1-d0-02-q4,paraphrase,trap,guardrail,T1,0,bm25,1.0000,1.0000,64.406653,bm25
s1-d0-02-q4,paraphrase,trap,guardrail,T1,0,dense,1.0000,1.0000,13.180590,dense
s1-d0-02-q4,paraphrase,trap,guardrail,T1,0,hybrid,1.0000,1.0000,72.514834,hybrid
s1-d0-02-q4,paraphrase,trap,guardrail,T1,0,hybrid+rerank,1.0000,1.0000,73.845440,hybrid+rerank
s1-d0-03-q1,paraphrase,trap,guardrail,T1,0,bm25,1.0000,0.3333,58.522848,bm25
s1-d0-03-q1,paraphrase,trap,guardrail,T1,0,dense,1.0000,1.0000,12.963487,dense
s1-d0-03-q1,paraphrase,trap,guardrail,T1,0,hybrid,1.0000,1.0000,71.441158,hybrid
s1-d0-03-q1,paraphrase,trap,guardrail,T1,0,hybrid+rerank,1.0000,0.5000,72.306589,hybrid+rerank
s1-d0-03-q2,paraphrase,hard,arm,T1,0,bm25,1.0000,0.2000,60.728406,bm25
s1-d0-03-q2,paraphrase,hard,arm,T1,0,dense,1.0000,0.2000,12.546020,dense
s1-d0-03-q2,paraphrase,hard,arm,T1,0,hybrid,1.0000,1.0000,71.952868,hybrid
s1-d0-03-q2,paraphrase,hard,arm,T1,0,hybrid+rerank,1.0000,0.1429,73.991234,hybrid+rerank
s1-d0-03-q3,paraphrase,trap,guardrail,T1,0,bm25,1.0000,1.0000,59.189997,bm25
s1-d0-03-q3,paraphrase,trap,guardrail,T1,0,dense,1.0000,1.0000,12.804864,dense
s1-d0-03-q3,paraphrase,trap,guardrail,T1,0,hybrid,1.0000,1.0000,71.566555,hybrid
s1-d0-03-q3,paraphrase,trap,guardrail,T1,0,hybrid+rerank,1.0000,1.0000,73.067420,hybrid+rerank
s1-d0-03-q4,paraphrase,trap,guardrail,T1,0,bm25,1.0000,1.0000,59.312719,bm25
s1-d0-03-q4,paraphrase,trap,guardrail,T1,0,dense,1.0000,0.5000,12.621556,dense
s1-d0-03-q4,paraphrase,trap,guardrail,T1,0,hybrid,1.0000,1.0000,74.088913,hybrid
s1-d0-03-q4,paraphrase,trap,guardrail,T1,0,hybrid+rerank,1.0000,1.0000,74.225458,hybrid+rerank
s1-d0-04-q1,lexical,hard,arm,T0,0,bm25,1.0000,0.5000,38.707502,bm25
s1-d0-04-q1,lexical,hard,arm,T0,0,dense,1.0000,1.0000,8.869377,dense
s1-d0-04-q1,lexical,hard,arm,T0,0,hybrid,1.0000,1.0000,46.929893,hybrid
s1-d0-04-q1,lexical,hard,arm,T0,0,hybrid+rerank,1.0000,1.0000,48.054377,hybrid+rerank
s1-d0-04-q2,paraphrase,hard,arm,T1,0,bm25,0.0000,0.0000,63.779106,bm25
s1-d0-04-q2,paraphrase,hard,arm,T1,0,dense,0.0000,0.0000,13.061333,dense
s1-d0-04-q2,paraphrase,hard,arm,T1,0,hybrid,0.0000,0.0000,72.868918,hybrid
s1-d0-04-q2,paraphrase,hard,arm,T1,0,hybrid+rerank,0.0000,0.0000,74.912472,hybrid+rerank
s1-d0-04-q3,paraphrase,hard,arm,T1,0,bm25,0.0000,0.0000,59.788618,bm25
s1-d0-04-q3,paraphrase,hard,arm,T1,0,dense,0.0000,0.0000,12.987998,dense
s1-d0-04-q3,paraphrase,hard,arm,T1,0,hybrid,1.0000,0.1429,72.736068,hybrid
s1-d0-04-q3,paraphrase,hard,arm,T1,0,hybrid+rerank,1.0000,0.1250,74.099591,hybrid+rerank
s1-d0-04-q4,paraphrase,hard,arm,T1,0,bm25,1.0000,0.1667,59.092496,bm25
s1-d0-04-q4,paraphrase,hard,arm,T1,0,dense,1.0000,0.2000,13.161307,dense
s1-d0-04-q4,paraphrase,hard,arm,T1,0,hybrid,1.0000,0.3333,72.908337,hybrid
s1-d0-04-q4,paraphrase,hard,arm,T1,0,hybrid+rerank,1.0000,0.1111,76.634125,hybrid+rerank
s1-d0-05-q1,paraphrase,hard,arm,T0,0,bm25,1.0000,1.0000,40.992958,bm25
s1-d0-05-q1,paraphrase,hard,arm,T0,0,dense,1.0000,1.0000,9.085488,dense
s1-d0-05-q1,paraphrase,hard,arm,T0,0,hybrid,1.0000,1.0000,47.317498,hybrid
s1-d0-05-q1,paraphrase,hard,arm,T0,0,hybrid+rerank,1.0000,1.0000,47.818400,hybrid+rerank
s1-d0-05-q2,paraphrase,hard,arm,T1,0,bm25,1.0000,0.2000,61.282514,bm25
s1-d0-05-q2,paraphrase,hard,arm,T1,0,dense,1.0000,0.2500,12.923719,dense
s1-d0-05-q2,paraphrase,hard,arm,T1,0,hybrid,1.0000,0.3333,72.031527,hybrid
s1-d0-05-q2,paraphrase,hard,arm,T1,0,hybrid+rerank,1.0000,0.3333,72.247728,hybrid+rerank
s1-d0-05-q3,paraphrase,hard,arm,T0,0,bm25,1.0000,1.0000,38.199909,bm25
s1-d0-05-q3,paraphrase,hard,arm,T0,0,dense,1.0000,1.0000,8.517902,dense
s1-d0-05-q3,paraphrase,hard,arm,T0,0,hybrid,1.0000,1.0000,47.197250,hybrid
s1-d0-05-q3,paraphrase,hard,arm,T0,0,hybrid+rerank,1.0000,1.0000,48.490498,hybrid+rerank
s1-d0-05-q4,paraphrase,hard,arm,T1,0,bm25,0.0000,0.0000,60.760447,bm25
s1-d0-05-q4,paraphrase,hard,arm,T1,0,dense,1.0000,1.0000,12.994791,dense
s1-d0-05-q4,paraphrase,hard,arm,T1,0,hybrid,1.0000,0.3333,72.936222,hybrid
s1-d0-05-q4,paraphrase,hard,arm,T1,0,hybrid+rerank,1.0000,0.3333,73.363760,hybrid+rerank
s1-d1-01-q1,paraphrase,hard,arm,T0,0,bm25,1.0000,0.5000,38.477797,bm25
s1-d1-01-q1,paraphrase,hard,arm,T0,0,dense,1.0000,0.2500,8.542506,dense
s1-d1-01-q1,paraphrase,hard,arm,T0,0,hybrid,1.0000,0.5000,47.321372,hybrid
s1-d1-01-q1,paraphrase,hard,arm,T0,0,hybrid+rerank,1.0000,0.5000,47.334260,hybrid+rerank
s1-d1-01-q2,paraphrase,trap,guardrail,T1,0,bm25,0.0000,0.0000,60.522711,bm25
s1-d1-01-q2,paraphrase,trap,guardrail,T1,0,dense,1.0000,0.3333,12.770775,dense
s1-d1-01-q2,paraphrase,trap,guardrail,T1,0,hybrid,1.0000,0.1429,71.916632,hybrid
s1-d1-01-q2,paraphrase,trap,guardrail,T1,0,hybrid+rerank,1.0000,0.1250,73.884671,hybrid+rerank
s1-d1-01-q3,lexical,trap,guardrail,T1,0,bm25,1.0000,1.0000,59.142902,bm25
s1-d1-01-q3,lexical,trap,guardrail,T1,0,dense,1.0000,1.0000,13.156576,dense
s1-d1-01-q3,lexical,trap,guardrail,T1,0,hybrid,1.0000,1.0000,72.568816,hybrid
s1-d1-01-q3,lexical,trap,guardrail,T1,0,hybrid+rerank,1.0000,1.0000,73.325780,hybrid+rerank
s1-d1-01-q4,paraphrase,trap,guardrail,T1,0,bm25,1.0000,1.0000,60.095959,bm25
s1-d1-01-q4,paraphrase,trap,guardrail,T1,0,dense,1.0000,1.0000,14.055371,dense
s1-d1-01-q4,paraphrase,trap,guardrail,T1,0,hybrid,1.0000,1.0000,72.915230,hybrid
s1-d1-01-q4,paraphrase,trap,guardrail,T1,0,hybrid+rerank,1.0000,1.0000,73.147769,hybrid+rerank
s1-d1-01-q5,paraphrase,trap,guardrail,T1,0,bm25,1.0000,1.0000,60.294117,bm25
s1-d1-01-q5,paraphrase,trap,guardrail,T1,0,dense,1.0000,1.0000,12.812014,dense
s1-d1-01-q5,paraphrase,trap,guardrail,T1,0,hybrid,1.0000,1.0000,72.794250,hybrid
s1-d1-01-q5,paraphrase,trap,guardrail,T1,0,hybrid+rerank,1.0000,1.0000,74.140601,hybrid+rerank
s1-d1-01-q6,paraphrase,trap,guardrail,T1,0,bm25,1.0000,1.0000,60.350970,bm25
s1-d1-01-q6,paraphrase,trap,guardrail,T1,0,dense,1.0000,1.0000,13.448582,dense
s1-d1-01-q6,paraphrase,trap,guardrail,T1,0,hybrid,1.0000,1.0000,73.576767,hybrid
s1-d1-01-q6,paraphrase,trap,guardrail,T1,0,hybrid+rerank,1.0000,1.0000,75.730591,hybrid+rerank
s1-d2-01-q1,paraphrase,hard,arm,T1,0,bm25,0.0000,0.0000,61.546398,bm25
s1-d2-01-q1,paraphrase,hard,arm,T1,0,dense,1.0000,0.5000,13.323235,dense
s1-d2-01-q1,paraphrase,hard,arm,T1,0,hybrid,1.0000,0.5000,74.006890,hybrid
s1-d2-01-q1,paraphrase,hard,arm,T1,0,hybrid+rerank,1.0000,0.1111,76.179891,hybrid+rerank
s1-d2-01-q2,paraphrase,hard,arm,T1,0,bm25,1.0000,1.0000,60.686536,bm25
s1-d2-01-q2,paraphrase,hard,arm,T1,0,dense,1.0000,1.0000,12.793330,dense
s1-d2-01-q2,paraphrase,hard,arm,T1,0,hybrid,1.0000,1.0000,73.454927,hybrid
s1-d2-01-q2,paraphrase,hard,arm,T1,0,hybrid+rerank,1.0000,1.0000,74.146206,hybrid+rerank
s1-d2-01-q3,paraphrase,hard,arm,T1,0,bm25,1.0000,1.0000,61.553300,bm25
s1-d2-01-q3,paraphrase,hard,arm,T1,0,dense,1.0000,1.0000,13.188998,dense
s1-d2-01-q3,paraphrase,hard,arm,T1,0,hybrid,1.0000,1.0000,72.085017,hybrid
s1-d2-01-q3,paraphrase,hard,arm,T1,0,hybrid+rerank,1.0000,1.0000,75.630188,hybrid+rerank
s1-d2-01-q4,paraphrase,trap,guardrail,T1,0,bm25,0.0000,0.0000,59.720520,bm25
s1-d2-01-q4,paraphrase,trap,guardrail,T1,0,dense,1.0000,0.3333,13.202939,dense
s1-d2-01-q4,paraphrase,trap,guardrail,T1,0,hybrid,1.0000,0.5000,72.747275,hybrid
s1-d2-01-q4,paraphrase,trap,guardrail,T1,0,hybrid+rerank,1.0000,0.1111,73.754630,hybrid+rerank
s1-d2-01-q5,paraphrase,trap,guardrail,T1,0,bm25,1.0000,1.0000,58.784035,bm25
s1-d2-01-q5,paraphrase,trap,guardrail,T1,0,dense,1.0000,1.0000,12.825922,dense
s1-d2-01-q5,paraphrase,trap,guardrail,T1,0,hybrid,1.0000,1.0000,73.414392,hybrid
s1-d2-01-q5,paraphrase,trap,guardrail,T1,0,hybrid+rerank,1.0000,1.0000,75.100784,hybrid+rerank
s1-d2-01-q6,multi_hop,hard,arm,T1,0,bm25,1.0000,0.5000,60.374212,bm25
s1-d2-01-q6,multi_hop,hard,arm,T1,0,dense,1.0000,0.5000,13.503752,dense
s1-d2-01-q6,multi_hop,hard,arm,T1,0,hybrid,1.0000,0.5000,79.896997,hybrid
s1-d2-01-q6,multi_hop,hard,arm,T1,0,hybrid+rerank,1.0000,0.3333,78.390196,hybrid+rerank
s1-d3-01-q1,paraphrase,trap,guardrail,T1,0,bm25,0.0000,0.0000,63.846308,bm25
s1-d3-01-q1,paraphrase,trap,guardrail,T1,0,dense,1.0000,0.5000,13.394248,dense
s1-d3-01-q1,paraphrase,trap,guardrail,T1,0,hybrid,1.0000,0.2500,75.465441,hybrid
s1-d3-01-q1,paraphrase,trap,guardrail,T1,0,hybrid+rerank,1.0000,0.1667,74.648702,hybrid+rerank
s1-d3-01-q2,paraphrase,trap,guardrail,T1,0,bm25,1.0000,0.1667,60.057432,bm25
s1-d3-01-q2,paraphrase,trap,guardrail,T1,0,dense,0.0000,0.0000,12.987827,dense
s1-d3-01-q2,paraphrase,trap,guardrail,T1,0,hybrid,1.0000,0.1667,105.717515,hybrid
s1-d3-01-q2,paraphrase,trap,guardrail,T1,0,hybrid+rerank,1.0000,0.5000,76.781824,hybrid+rerank
s1-d3-01-q3,paraphrase,trap,guardrail,T1,0,bm25,1.0000,0.2000,63.467940,bm25
s1-d3-01-q3,paraphrase,trap,guardrail,T1,0,dense,1.0000,1.0000,13.958510,dense
s1-d3-01-q3,paraphrase,trap,guardrail,T1,0,hybrid,1.0000,0.3333,77.146478,hybrid
s1-d3-01-q3,paraphrase,trap,guardrail,T1,0,hybrid+rerank,1.0000,0.2500,91.034724,hybrid+rerank
s1-d3-01-q4,paraphrase,hard,arm,T1,0,bm25,1.0000,0.1111,64.753651,bm25
s1-d3-01-q4,paraphrase,hard,arm,T1,0,dense,1.0000,0.1250,13.460607,dense
s1-d3-01-q4,paraphrase,hard,arm,T1,0,hybrid,1.0000,0.1667,76.562641,hybrid
s1-d3-01-q4,paraphrase,hard,arm,T1,0,hybrid+rerank,1.0000,0.1250,77.853704,hybrid+rerank
s2-d0-01-q1,paraphrase,hard,arm,T0,0,bm25,1.0000,0.5000,41.361321,bm25
s2-d0-01-q1,paraphrase,hard,arm,T0,0,dense,1.0000,1.0000,8.874565,dense
s2-d0-01-q1,paraphrase,hard,arm,T0,0,hybrid,1.0000,0.5000,50.028495,hybrid
s2-d0-01-q1,paraphrase,hard,arm,T0,0,hybrid+rerank,1.0000,1.0000,49.629431,hybrid+rerank
s2-d0-01-q2,paraphrase,hard,arm,T1,0,bm25,1.0000,1.0000,61.207383,bm25
s2-d0-01-q2,paraphrase,hard,arm,T1,0,dense,1.0000,0.3333,12.921121,dense
s2-d0-01-q2,paraphrase,hard,arm,T1,0,hybrid,1.0000,1.0000,75.830223,hybrid
s2-d0-01-q2,paraphrase,hard,arm,T1,0,hybrid+rerank,1.0000,1.0000,83.875002,hybrid+rerank
s2-d0-01-q3,paraphrase,trap,guardrail,T1,0,bm25,1.0000,0.5000,65.480661,bm25
s2-d0-01-q3,paraphrase,trap,guardrail,T1,0,dense,1.0000,1.0000,13.030633,dense
s2-d0-01-q3,paraphrase,trap,guardrail,T1,0,hybrid,1.0000,1.0000,73.591615,hybrid
s2-d0-01-q3,paraphrase,trap,guardrail,T1,0,hybrid+rerank,1.0000,0.3333,89.283804,hybrid+rerank
s2-d0-01-q4,lexical,hard,arm,T1,0,bm25,1.0000,1.0000,59.372882,bm25
s2-d0-01-q4,lexical,hard,arm,T1,0,dense,1.0000,1.0000,13.092367,dense
s2-d0-01-q4,lexical,hard,arm,T1,0,hybrid,1.0000,1.0000,76.293961,hybrid
s2-d0-01-q4,lexical,hard,arm,T1,0,hybrid+rerank,1.0000,1.0000,81.281984,hybrid+rerank
s2-d0-02-q1,paraphrase,hard,arm,T0,0,bm25,1.0000,1.0000,43.744161,bm25
s2-d0-02-q1,paraphrase,hard,arm,T0,0,dense,1.0000,1.0000,10.040784,dense
s2-d0-02-q1,paraphrase,hard,arm,T0,0,hybrid,1.0000,1.0000,51.040605,hybrid
s2-d0-02-q1,paraphrase,hard,arm,T0,0,hybrid+rerank,1.0000,1.0000,61.571694,hybrid+rerank
s2-d0-02-q2,paraphrase,hard,arm,T1,0,bm25,1.0000,0.3333,69.998517,bm25
s2-d0-02-q2,paraphrase,hard,arm,T1,0,dense,1.0000,1.0000,15.074049,dense
s2-d0-02-q2,paraphrase,hard,arm,T1,0,hybrid,1.0000,1.0000,76.842177,hybrid
s2-d0-02-q2,paraphrase,hard,arm,T1,0,hybrid+rerank,1.0000,0.1429,78.475629,hybrid+rerank
s2-d0-02-q3,lexical,hard,arm,T0,0,bm25,1.0000,1.0000,40.506383,bm25
s2-d0-02-q3,lexical,hard,arm,T0,0,dense,1.0000,1.0000,9.228731,dense
s2-d0-02-q3,lexical,hard,arm,T0,0,hybrid,1.0000,1.0000,46.972755,hybrid
s2-d0-02-q3,lexical,hard,arm,T0,0,hybrid+rerank,1.0000,1.0000,48.992601,hybrid+rerank
s2-d0-02-q4,paraphrase,hard,arm,T1,0,bm25,1.0000,1.0000,63.203526,bm25
s2-d0-02-q4,paraphrase,hard,arm,T1,0,dense,1.0000,1.0000,13.555672,dense
s2-d0-02-q4,paraphrase,hard,arm,T1,0,hybrid,1.0000,1.0000,77.762077,hybrid
s2-d0-02-q4,paraphrase,hard,arm,T1,0,hybrid+rerank,1.0000,1.0000,79.836956,hybrid+rerank
s2-d0-02-q5,paraphrase,hard,arm,T0,0,bm25,1.0000,1.0000,41.739612,bm25
s2-d0-02-q5,paraphrase,hard,arm,T0,0,dense,1.0000,1.0000,8.978275,dense
s2-d0-02-q5,paraphrase,hard,arm,T0,0,hybrid,1.0000,1.0000,48.144706,hybrid
s2-d0-02-q5,paraphrase,hard,arm,T0,0,hybrid+rerank,1.0000,1.0000,57.084457,hybrid+rerank
s2-d0-02-q6,paraphrase,trap,guardrail,T1,0,bm25,0.0000,0.0000,65.639558,bm25
s2-d0-02-q6,paraphrase,trap,guardrail,T1,0,dense,0.0000,0.0000,13.656016,dense
s2-d0-02-q6,paraphrase,trap,guardrail,T1,0,hybrid,0.0000,0.0000,78.843413,hybrid
s2-d0-02-q6,paraphrase,trap,guardrail,T1,0,hybrid+rerank,0.0000,0.0000,80.748167,hybrid+rerank
s2-d0-03-q1,lexical,trap,guardrail,T1,0,bm25,1.0000,0.1250,61.293096,bm25
s2-d0-03-q1,lexical,trap,guardrail,T1,0,dense,1.0000,1.0000,12.750160,dense
s2-d0-03-q1,lexical,trap,guardrail,T1,0,hybrid,1.0000,1.0000,74.634043,hybrid
s2-d0-03-q1,lexical,trap,guardrail,T1,0,hybrid+rerank,1.0000,0.3333,73.812604,hybrid+rerank
s2-d0-03-q2,paraphrase,trap,guardrail,T1,0,bm25,1.0000,1.0000,59.992283,bm25
s2-d0-03-q2,paraphrase,trap,guardrail,T1,0,dense,1.0000,1.0000,12.921393,dense
s2-d0-03-q2,paraphrase,trap,guardrail,T1,0,hybrid,1.0000,1.0000,73.719794,hybrid
s2-d0-03-q2,paraphrase,trap,guardrail,T1,0,hybrid+rerank,1.0000,0.5000,74.366891,hybrid+rerank
s2-d0-03-q3,paraphrase,trap,guardrail,T1,0,bm25,0.0000,0.0000,59.993275,bm25
s2-d0-03-q3,paraphrase,trap,guardrail,T1,0,dense,0.0000,0.0000,12.673053,dense
s2-d0-03-q3,paraphrase,trap,guardrail,T1,0,hybrid,1.0000,0.1111,73.192573,hybrid
s2-d0-03-q3,paraphrase,trap,guardrail,T1,0,hybrid+rerank,1.0000,0.1111,74.165182,hybrid+rerank
s2-d0-03-q4,paraphrase,trap,guardrail,T1,0,bm25,0.0000,0.0000,58.692067,bm25
s2-d0-03-q4,paraphrase,trap,guardrail,T1,0,dense,0.0000,0.0000,13.045490,dense
s2-d0-03-q4,paraphrase,trap,guardrail,T1,0,hybrid,0.0000,0.0000,76.501720,hybrid
s2-d0-03-q4,paraphrase,trap,guardrail,T1,0,hybrid+rerank,0.0000,0.0000,76.833016,hybrid+rerank
s2-d0-04-q1,paraphrase,hard,arm,T1,0,bm25,1.0000,1.0000,59.594231,bm25
s2-d0-04-q1,paraphrase,hard,arm,T1,0,dense,1.0000,1.0000,12.883392,dense
s2-d0-04-q1,paraphrase,hard,arm,T1,0,hybrid,1.0000,1.0000,74.776287,hybrid
s2-d0-04-q1,paraphrase,hard,arm,T1,0,hybrid+rerank,1.0000,1.0000,79.453802,hybrid+rerank
s2-d0-04-q2,paraphrase,hard,arm,T1,0,bm25,0.0000,0.0000,60.627311,bm25
s2-d0-04-q2,paraphrase,hard,arm,T1,0,dense,1.0000,0.1000,13.299552,dense
s2-d0-04-q2,paraphrase,hard,arm,T1,0,hybrid,1.0000,0.1000,74.118952,hybrid
s2-d0-04-q2,paraphrase,hard,arm,T1,0,hybrid+rerank,1.0000,0.1000,75.729275,hybrid+rerank
s2-d1-01-q1,paraphrase,hard,arm,T1,0,bm25,0.0000,0.0000,59.720027,bm25
s2-d1-01-q1,paraphrase,hard,arm,T1,0,dense,0.0000,0.0000,12.903021,dense
s2-d1-01-q1,paraphrase,hard,arm,T1,0,hybrid,0.0000,0.0000,72.288258,hybrid
s2-d1-01-q1,paraphrase,hard,arm,T1,0,hybrid+rerank,0.0000,0.0000,73.077947,hybrid+rerank
s2-d1-01-q2,paraphrase,trap,guardrail,T1,0,bm25,0.0000,0.0000,59.789447,bm25
s2-d1-01-q2,paraphrase,trap,guardrail,T1,0,dense,1.0000,1.0000,12.801172,dense
s2-d1-01-q2,paraphrase,trap,guardrail,T1,0,hybrid,1.0000,0.5000,72.861361,hybrid
s2-d1-01-q2,paraphrase,trap,guardrail,T1,0,hybrid+rerank,1.0000,0.1250,80.038383,hybrid+rerank
s2-d1-01-q3,paraphrase,hard,arm,T1,0,bm25,0.0000,0.0000,59.876045,bm25
s2-d1-01-q3,paraphrase,hard,arm,T1,0,dense,1.0000,0.1667,12.708793,dense
s2-d1-01-q3,paraphrase,hard,arm,T1,0,hybrid,1.0000,0.2000,72.538226,hybrid
s2-d1-01-q3,paraphrase,hard,arm,T1,0,hybrid+rerank,1.0000,0.1111,77.590376,hybrid+rerank
s2-d1-01-q4,paraphrase,trap,guardrail,T1,0,bm25,1.0000,0.5000,61.090527,bm25
s2-d1-01-q4,paraphrase,trap,guardrail,T1,0,dense,1.0000,1.0000,13.383232,dense
s2-d1-01-q4,paraphrase,trap,guardrail,T1,0,hybrid,1.0000,1.0000,72.962118,hybrid
s2-d1-01-q4,paraphrase,trap,guardrail,T1,0,hybrid+rerank,1.0000,0.2000,73.828592,hybrid+rerank
s2-d2-01-q1,paraphrase,hard,arm,T1,0,bm25,1.0000,0.3333,58.727065,bm25
s2-d2-01-q1,paraphrase,hard,arm,T1,0,dense,1.0000,1.0000,12.695913,dense
s2-d2-01-q1,paraphrase,hard,arm,T1,0,hybrid,1.0000,1.0000,72.398171,hybrid
s2-d2-01-q1,paraphrase,hard,arm,T1,0,hybrid+rerank,1.0000,0.5000,73.480696,hybrid+rerank
s2-d2-01-q2,paraphrase,hard,arm,T1,0,bm25,0.0000,0.0000,60.897656,bm25
s2-d2-01-q2,paraphrase,hard,arm,T1,0,dense,0.0000,0.0000,12.559780,dense
s2-d2-01-q2,paraphrase,hard,arm,T1,0,hybrid,0.0000,0.0000,73.041250,hybrid
s2-d2-01-q2,paraphrase,hard,arm,T1,0,hybrid+rerank,0.0000,0.0000,73.467262,hybrid+rerank
s2-d2-01-q3,paraphrase,trap,guardrail,T1,0,bm25,0.0000,0.0000,59.226505,bm25
s2-d2-01-q3,paraphrase,trap,guardrail,T1,0,dense,1.0000,1.0000,12.734342,dense
s2-d2-01-q3,paraphrase,trap,guardrail,T1,0,hybrid,1.0000,0.1667,71.877102,hybrid
s2-d2-01-q3,paraphrase,trap,guardrail,T1,0,hybrid+rerank,1.0000,0.1000,73.731312,hybrid+rerank
s2-d2-01-q4,paraphrase,trap,guardrail,T1,0,bm25,1.0000,0.5000,59.167168,bm25
s2-d2-01-q4,paraphrase,trap,guardrail,T1,0,dense,1.0000,1.0000,13.009585,dense
s2-d2-01-q4,paraphrase,trap,guardrail,T1,0,hybrid,1.0000,1.0000,72.149524,hybrid
s2-d2-01-q4,paraphrase,trap,guardrail,T1,0,hybrid+rerank,1.0000,0.1250,77.892297,hybrid+rerank
s2-d3-01-q1,paraphrase,hard,arm,T1,0,bm25,1.0000,0.3333,59.315497,bm25
s2-d3-01-q1,paraphrase,hard,arm,T1,0,dense,0.0000,0.0000,13.214692,dense
s2-d3-01-q1,paraphrase,hard,arm,T1,0,hybrid,1.0000,0.1000,72.730278,hybrid
s2-d3-01-q1,paraphrase,hard,arm,T1,0,hybrid+rerank,1.0000,0.2000,73.599159,hybrid+rerank
s2-d3-01-q2,paraphrase,hard,arm,T1,0,bm25,1.0000,1.0000,59.250466,bm25
s2-d3-01-q2,paraphrase,hard,arm,T1,0,dense,1.0000,1.0000,12.901725,dense
s2-d3-01-q2,paraphrase,hard,arm,T1,0,hybrid,1.0000,1.0000,72.364059,hybrid
s2-d3-01-q2,paraphrase,hard,arm,T1,0,hybrid+rerank,1.0000,1.0000,72.154070,hybrid+rerank
s2-d3-01-q3,paraphrase,trap,guardrail,T1,0,bm25,0.0000,0.0000,57.857765,bm25
s2-d3-01-q3,paraphrase,trap,guardrail,T1,0,dense,0.0000,0.0000,12.862119,dense
s2-d3-01-q3,paraphrase,trap,guardrail,T1,0,hybrid,0.0000,0.0000,71.035070,hybrid
s2-d3-01-q3,paraphrase,trap,guardrail,T1,0,hybrid+rerank,0.0000,0.0000,72.842663,hybrid+rerank
s2-d3-01-q4,paraphrase,hard,arm,T1,0,bm25,1.0000,1.0000,59.389022,bm25
s2-d3-01-q4,paraphrase,hard,arm,T1,0,dense,1.0000,1.0000,13.215611,dense
s2-d3-01-q4,paraphrase,hard,arm,T1,0,hybrid,1.0000,1.0000,74.492631,hybrid
s2-d3-01-q4,paraphrase,hard,arm,T1,0,hybrid+rerank,1.0000,0.3333,73.158878,hybrid+rerank
s3-d0-01-q1,lexical,trap,guardrail,T1,0,bm25,1.0000,1.0000,58.880856,bm25
s3-d0-01-q1,lexical,trap,guardrail,T1,0,dense,1.0000,1.0000,12.889630,dense
s3-d0-01-q1,lexical,trap,guardrail,T1,0,hybrid,1.0000,1.0000,72.697477,hybrid
s3-d0-01-q1,lexical,trap,guardrail,T1,0,hybrid+rerank,1.0000,1.0000,73.501375,hybrid+rerank
s3-d0-01-q2,lexical,hard,arm,T1,0,bm25,1.0000,1.0000,58.422436,bm25
s3-d0-01-q2,lexical,hard,arm,T1,0,dense,0.0000,0.0000,12.934964,dense
s3-d0-01-q2,lexical,hard,arm,T1,0,hybrid,1.0000,0.3333,71.128958,hybrid
s3-d0-01-q2,lexical,hard,arm,T1,0,hybrid+rerank,1.0000,1.0000,72.641973,hybrid+rerank
s3-d0-01-q3,paraphrase,hard,arm,T1,0,bm25,1.0000,0.5000,59.064775,bm25
s3-d0-01-q3,paraphrase,hard,arm,T1,0,dense,1.0000,0.3333,12.633146,dense
s3-d0-01-q3,paraphrase,hard,arm,T1,0,hybrid,1.0000,0.3333,72.142593,hybrid
s3-d0-01-q3,paraphrase,hard,arm,T1,0,hybrid+rerank,1.0000,0.3333,73.346573,hybrid+rerank
s3-d0-01-q4,paraphrase,trap,guardrail,T1,0,bm25,0.0000,0.0000,58.041937,bm25
s3-d0-01-q4,paraphrase,trap,guardrail,T1,0,dense,1.0000,0.3333,12.823993,dense
s3-d0-01-q4,paraphrase,trap,guardrail,T1,0,hybrid,1.0000,0.2000,71.877893,hybrid
s3-d0-01-q4,paraphrase,trap,guardrail,T1,0,hybrid+rerank,1.0000,0.1667,72.895350,hybrid+rerank
s3-d0-02-q1,paraphrase,hard,arm,T0,0,bm25,1.0000,1.0000,38.911801,bm25
s3-d0-02-q1,paraphrase,hard,arm,T0,0,dense,1.0000,0.5000,8.460467,dense
s3-d0-02-q1,paraphrase,hard,arm,T0,0,hybrid,1.0000,1.0000,46.445389,hybrid
s3-d0-02-q1,paraphrase,hard,arm,T0,0,hybrid+rerank,1.0000,1.0000,48.763763,hybrid+rerank
s3-d0-02-q2,lexical,hard,arm,T1,0,bm25,1.0000,1.0000,60.488687,bm25
s3-d0-02-q2,lexical,hard,arm,T1,0,dense,1.0000,1.0000,14.500776,dense
s3-d0-02-q2,lexical,hard,arm,T1,0,hybrid,1.0000,1.0000,75.072794,hybrid
s3-d0-02-q2,lexical,hard,arm,T1,0,hybrid+rerank,1.0000,1.0000,74.250332,hybrid+rerank
s3-d0-02-q3,lexical,hard,arm,T0,0,bm25,1.0000,1.0000,38.835567,bm25
s3-d0-02-q3,lexical,hard,arm,T0,0,dense,1.0000,0.1000,8.538113,dense
s3-d0-02-q3,lexical,hard,arm,T0,0,hybrid,1.0000,0.3333,47.110728,hybrid
s3-d0-02-q3,lexical,hard,arm,T0,0,hybrid+rerank,1.0000,0.5000,48.019859,hybrid+rerank
s3-d0-02-q4,multi_hop,hard,arm,T1,0,bm25,1.0000,1.0000,59.963329,bm25
s3-d0-02-q4,multi_hop,hard,arm,T1,0,dense,1.0000,1.0000,12.541417,dense
s3-d0-02-q4,multi_hop,hard,arm,T1,0,hybrid,1.0000,1.0000,72.068248,hybrid
s3-d0-02-q4,multi_hop,hard,arm,T1,0,hybrid+rerank,1.0000,1.0000,72.749246,hybrid+rerank
s3-d0-02-q5,paraphrase,hard,arm,T0,0,bm25,1.0000,0.2500,38.468307,bm25
s3-d0-02-q5,paraphrase,hard,arm,T0,0,dense,1.0000,0.2000,8.607364,dense
s3-d0-02-q5,paraphrase,hard,arm,T0,0,hybrid,1.0000,0.3333,47.548105,hybrid
s3-d0-02-q5,paraphrase,hard,arm,T0,0,hybrid+rerank,1.0000,0.2000,47.955523,hybrid+rerank
s3-d0-02-q6,lexical,hard,arm,T1,0,bm25,1.0000,1.0000,60.544395,bm25
s3-d0-02-q6,lexical,hard,arm,T1,0,dense,1.0000,0.2500,13.019590,dense
s3-d0-02-q6,lexical,hard,arm,T1,0,hybrid,1.0000,1.0000,72.771177,hybrid
s3-d0-02-q6,lexical,hard,arm,T1,0,hybrid+rerank,1.0000,1.0000,78.097398,hybrid+rerank
s3-d0-03-q1,lexical,trap,guardrail,T1,0,bm25,1.0000,1.0000,60.894396,bm25
s3-d0-03-q1,lexical,trap,guardrail,T1,0,dense,1.0000,1.0000,12.920209,dense
s3-d0-03-q1,lexical,trap,guardrail,T1,0,hybrid,1.0000,1.0000,72.676661,hybrid
s3-d0-03-q1,lexical,trap,guardrail,T1,0,hybrid+rerank,1.0000,1.0000,74.327714,hybrid+rerank
s3-d0-03-q2,paraphrase,hard,arm,T1,0,bm25,1.0000,1.0000,59.479867,bm25
s3-d0-03-q2,paraphrase,hard,arm,T1,0,dense,1.0000,1.0000,13.626360,dense
s3-d0-03-q2,paraphrase,hard,arm,T1,0,hybrid,1.0000,1.0000,75.588837,hybrid
s3-d0-03-q2,paraphrase,hard,arm,T1,0,hybrid+rerank,1.0000,1.0000,73.087236,hybrid+rerank
s3-d0-03-q3,paraphrase,hard,arm,T1,0,bm25,1.0000,0.3333,59.343041,bm25
s3-d0-03-q3,paraphrase,hard,arm,T1,0,dense,1.0000,1.0000,12.692952,dense
s3-d0-03-q3,paraphrase,hard,arm,T1,0,hybrid,1.0000,1.0000,71.648032,hybrid
s3-d0-03-q3,paraphrase,hard,arm,T1,0,hybrid+rerank,1.0000,0.5000,72.345381,hybrid+rerank
s3-d0-03-q4,paraphrase,trap,guardrail,T1,0,bm25,1.0000,0.5000,59.614726,bm25
s3-d0-03-q4,paraphrase,trap,guardrail,T1,0,dense,1.0000,0.2500,12.952270,dense
s3-d0-03-q4,paraphrase,trap,guardrail,T1,0,hybrid,1.0000,0.5000,72.421642,hybrid
s3-d0-03-q4,paraphrase,trap,guardrail,T1,0,hybrid+rerank,1.0000,0.5000,74.530296,hybrid+rerank
s3-d0-04-q1,paraphrase,trap,guardrail,T1,0,bm25,1.0000,0.1667,59.398210,bm25
s3-d0-04-q1,paraphrase,trap,guardrail,T1,0,dense,1.0000,0.1250,13.069962,dense
s3-d0-04-q1,paraphrase,trap,guardrail,T1,0,hybrid,1.0000,0.1667,73.789369,hybrid
s3-d0-04-q1,paraphrase,trap,guardrail,T1,0,hybrid+rerank,1.0000,0.1667,79.014807,hybrid+rerank
s3-d0-04-q2,paraphrase,trap,guardrail,T1,0,bm25,1.0000,1.0000,64.151889,bm25
s3-d0-04-q2,paraphrase,trap,guardrail,T1,0,dense,1.0000,1.0000,12.666827,dense
s3-d0-04-q2,paraphrase,trap,guardrail,T1,0,hybrid,1.0000,1.0000,72.927253,hybrid
s3-d0-04-q2,paraphrase,trap,guardrail,T1,0,hybrid+rerank,1.0000,1.0000,74.181382,hybrid+rerank
s3-d1-01-q1,paraphrase,hard,arm,T1,0,bm25,0.0000,0.0000,59.350623,bm25
s3-d1-01-q1,paraphrase,hard,arm,T1,0,dense,1.0000,0.2000,12.871263,dense
s3-d1-01-q1,paraphrase,hard,arm,T1,0,hybrid,1.0000,0.1000,72.666487,hybrid
s3-d1-01-q1,paraphrase,hard,arm,T1,0,hybrid+rerank,1.0000,0.1000,74.815304,hybrid+rerank
s3-d1-01-q2,lexical,trap,guardrail,T1,0,bm25,1.0000,1.0000,59.589868,bm25
s3-d1-01-q2,lexical,trap,guardrail,T1,0,dense,1.0000,1.0000,12.528718,dense
s3-d1-01-q2,lexical,trap,guardrail,T1,0,hybrid,1.0000,1.0000,74.120990,hybrid
s3-d1-01-q2,lexical,trap,guardrail,T1,0,hybrid+rerank,1.0000,1.0000,79.287223,hybrid+rerank
s3-d1-01-q3,lexical,hard,arm,T1,0,bm25,1.0000,1.0000,65.983779,bm25
s3-d1-01-q3,lexical,hard,arm,T1,0,dense,1.0000,1.0000,13.698511,dense
s3-d1-01-q3,lexical,hard,arm,T1,0,hybrid,1.0000,1.0000,78.195062,hybrid
s3-d1-01-q3,lexical,hard,arm,T1,0,hybrid+rerank,1.0000,1.0000,77.581755,hybrid+rerank
s3-d1-01-q4,paraphrase,trap,guardrail,T1,0,bm25,1.0000,1.0000,60.157700,bm25
s3-d1-01-q4,paraphrase,trap,guardrail,T1,0,dense,1.0000,0.2500,12.580136,dense
s3-d1-01-q4,paraphrase,trap,guardrail,T1,0,hybrid,1.0000,0.3333,73.883384,hybrid
s3-d1-01-q4,paraphrase,trap,guardrail,T1,0,hybrid+rerank,1.0000,1.0000,76.701788,hybrid+rerank
s3-d2-01-q1,paraphrase,trap,guardrail,T1,0,bm25,1.0000,1.0000,62.641960,bm25
s3-d2-01-q1,paraphrase,trap,guardrail,T1,0,dense,1.0000,1.0000,14.101399,dense
s3-d2-01-q1,paraphrase,trap,guardrail,T1,0,hybrid,1.0000,1.0000,80.008313,hybrid
s3-d2-01-q1,paraphrase,trap,guardrail,T1,0,hybrid+rerank,1.0000,1.0000,82.237274,hybrid+rerank
s3-d2-01-q2,paraphrase,hard,arm,T1,0,bm25,1.0000,1.0000,66.034999,bm25
s3-d2-01-q2,paraphrase,hard,arm,T1,0,dense,1.0000,0.5000,13.495139,dense
s3-d2-01-q2,paraphrase,hard,arm,T1,0,hybrid,1.0000,1.0000,75.820114,hybrid
s3-d2-01-q2,paraphrase,hard,arm,T1,0,hybrid+rerank,1.0000,1.0000,76.421142,hybrid+rerank
s3-d2-01-q3,paraphrase,hard,arm,T1,0,bm25,1.0000,0.2500,60.394389,bm25
s3-d2-01-q3,paraphrase,hard,arm,T1,0,dense,1.0000,0.1429,13.148754,dense
s3-d2-01-q3,paraphrase,hard,arm,T1,0,hybrid,1.0000,0.2500,74.368745,hybrid
s3-d2-01-q3,paraphrase,hard,arm,T1,0,hybrid+rerank,1.0000,0.2000,77.810257,hybrid+rerank
s3-d2-01-q4,paraphrase,trap,guardrail,T1,0,bm25,1.0000,0.3333,64.737000,bm25
s3-d2-01-q4,paraphrase,trap,guardrail,T1,0,dense,0.0000,0.0000,13.699791,dense
s3-d2-01-q4,paraphrase,trap,guardrail,T1,0,hybrid,1.0000,0.2000,74.804995,hybrid
s3-d2-01-q4,paraphrase,trap,guardrail,T1,0,hybrid+rerank,1.0000,0.2500,81.772262,hybrid+rerank
s3-d3-01-q1,lexical,trap,guardrail,T1,0,bm25,1.0000,1.0000,61.697494,bm25
s3-d3-01-q1,lexical,trap,guardrail,T1,0,dense,1.0000,1.0000,13.017553,dense
s3-d3-01-q1,lexical,trap,guardrail,T1,0,hybrid,1.0000,1.0000,75.049012,hybrid
s3-d3-01-q1,lexical,trap,guardrail,T1,0,hybrid+rerank,1.0000,1.0000,76.838775,hybrid+rerank
s3-d3-01-q2,paraphrase,trap,guardrail,T1,0,bm25,1.0000,1.0000,61.695581,bm25
s3-d3-01-q2,paraphrase,trap,guardrail,T1,0,dense,1.0000,1.0000,13.116240,dense
s3-d3-01-q2,paraphrase,trap,guardrail,T1,0,hybrid,1.0000,1.0000,74.721613,hybrid
s3-d3-01-q2,paraphrase,trap,guardrail,T1,0,hybrid+rerank,1.0000,1.0000,76.585104,hybrid+rerank
s3-d3-01-q3,paraphrase,hard,arm,T1,0,bm25,1.0000,0.5000,61.807544,bm25
s3-d3-01-q3,paraphrase,hard,arm,T1,0,dense,1.0000,0.3333,13.284497,dense
s3-d3-01-q3,paraphrase,hard,arm,T1,0,hybrid,1.0000,0.5000,76.235879,hybrid
s3-d3-01-q3,paraphrase,hard,arm,T1,0,hybrid+rerank,1.0000,1.0000,78.533467,hybrid+rerank
s3-d3-01-q4,multi_hop,trap,arm,T1,0,bm25,1.0000,0.5000,62.511115,bm25
s3-d3-01-q4,multi_hop,trap,arm,T1,0,dense,1.0000,0.5000,12.758046,dense
s3-d3-01-q4,multi_hop,trap,arm,T1,0,hybrid,1.0000,0.5000,78.266770,hybrid
s3-d3-01-q4,multi_hop,trap,arm,T1,0,hybrid+rerank,1.0000,0.5000,79.416674,hybrid+rerank
s4-d0-t0-01-q1,lexical,hard,arm,T0,0,bm25,1.0000,1.0000,40.992901,bm25
s4-d0-t0-01-q1,lexical,hard,arm,T0,0,dense,1.0000,1.0000,9.116397,dense
s4-d0-t0-01-q1,lexical,hard,arm,T0,0,hybrid,1.0000,1.0000,50.040978,hybrid
s4-d0-t0-01-q1,lexical,hard,arm,T0,0,hybrid+rerank,1.0000,1.0000,51.929898,hybrid+rerank
s4-d0-t0-01-q2,lexical,hard,arm,T0,0,bm25,1.0000,1.0000,40.176530,bm25
s4-d0-t0-01-q2,lexical,hard,arm,T0,0,dense,1.0000,1.0000,9.414319,dense
s4-d0-t0-01-q2,lexical,hard,arm,T0,0,hybrid,1.0000,1.0000,49.103630,hybrid
s4-d0-t0-01-q2,lexical,hard,arm,T0,0,hybrid+rerank,1.0000,1.0000,49.659041,hybrid+rerank
s4-d0-t0-01-q3,paraphrase,hard,arm,T0,0,bm25,1.0000,1.0000,40.725306,bm25
s4-d0-t0-01-q3,paraphrase,hard,arm,T0,0,dense,1.0000,1.0000,8.993421,dense
s4-d0-t0-01-q3,paraphrase,hard,arm,T0,0,hybrid,1.0000,1.0000,48.329565,hybrid
s4-d0-t0-01-q3,paraphrase,hard,arm,T0,0,hybrid+rerank,1.0000,1.0000,50.981090,hybrid+rerank
s4-d0-t0-01-q4,paraphrase,hard,arm,T0,0,bm25,1.0000,1.0000,39.763834,bm25
s4-d0-t0-01-q4,paraphrase,hard,arm,T0,0,dense,1.0000,1.0000,9.229411,dense
s4-d0-t0-01-q4,paraphrase,hard,arm,T0,0,hybrid,1.0000,1.0000,50.267382,hybrid
s4-d0-t0-01-q4,paraphrase,hard,arm,T0,0,hybrid+rerank,1.0000,1.0000,49.291162,hybrid+rerank
s4-d0-t0-01-q5,lexical,hard,arm,T0,0,bm25,1.0000,1.0000,39.636910,bm25
s4-d0-t0-01-q5,lexical,hard,arm,T0,0,dense,1.0000,1.0000,8.782054,dense
s4-d0-t0-01-q5,lexical,hard,arm,T0,0,hybrid,1.0000,1.0000,47.324770,hybrid
s4-d0-t0-01-q5,lexical,hard,arm,T0,0,hybrid+rerank,1.0000,1.0000,50.537365,hybrid+rerank
s4-d0-t0-01-q6,paraphrase,hard,arm,T0,0,bm25,1.0000,0.3333,39.436690,bm25
s4-d0-t0-01-q6,paraphrase,hard,arm,T0,0,dense,0.0000,0.0000,9.073937,dense
s4-d0-t0-01-q6,paraphrase,hard,arm,T0,0,hybrid,0.0000,0.0000,48.683898,hybrid
s4-d0-t0-01-q6,paraphrase,hard,arm,T0,0,hybrid+rerank,0.0000,0.0000,49.441454,hybrid+rerank
s4-d0-t1-02-q1,multi_hop,hard,arm,T1,0,bm25,1.0000,0.2500,62.236162,bm25
s4-d0-t1-02-q1,multi_hop,hard,arm,T1,0,dense,1.0000,0.1000,14.239783,dense
s4-d0-t1-02-q1,multi_hop,hard,arm,T1,0,hybrid,1.0000,0.2500,80.289782,hybrid
s4-d0-t1-02-q1,multi_hop,hard,arm,T1,0,hybrid+rerank,1.0000,0.2500,81.248001,hybrid+rerank
s4-d0-t1-02-q2,multi_hop,hard,arm,T1,0,bm25,1.0000,0.5000,61.911845,bm25
s4-d0-t1-02-q2,multi_hop,hard,arm,T1,0,dense,1.0000,0.2500,13.125825,dense
s4-d0-t1-02-q2,multi_hop,hard,arm,T1,0,hybrid,1.0000,0.5000,76.247252,hybrid
s4-d0-t1-02-q2,multi_hop,hard,arm,T1,0,hybrid+rerank,1.0000,0.5000,80.918889,hybrid+rerank
s4-d0-t1-02-q3,lexical,hard,arm,T1,0,bm25,1.0000,1.0000,62.045148,bm25
s4-d0-t1-02-q3,lexical,hard,arm,T1,0,dense,1.0000,1.0000,12.767426,dense
s4-d0-t1-02-q3,lexical,hard,arm,T1,0,hybrid,1.0000,1.0000,74.724554,hybrid
s4-d0-t1-02-q3,lexical,hard,arm,T1,0,hybrid+rerank,1.0000,1.0000,75.926259,hybrid+rerank
s4-d0-t1-02-q4,paraphrase,hard,arm,T1,0,bm25,0.0000,0.0000,62.363896,bm25
s4-d0-t1-02-q4,paraphrase,hard,arm,T1,0,dense,1.0000,0.5000,12.952566,dense
s4-d0-t1-02-q4,paraphrase,hard,arm,T1,0,hybrid,1.0000,0.2500,75.134525,hybrid
s4-d0-t1-02-q4,paraphrase,hard,arm,T1,0,hybrid+rerank,1.0000,0.1667,76.095636,hybrid+rerank
s4-d0-t1-02-q5,paraphrase,hard,arm,T1,0,bm25,1.0000,1.0000,61.147429,bm25
s4-d0-t1-02-q5,paraphrase,hard,arm,T1,0,dense,1.0000,1.0000,13.208727,dense
s4-d0-t1-02-q5,paraphrase,hard,arm,T1,0,hybrid,1.0000,1.0000,74.163404,hybrid
s4-d0-t1-02-q5,paraphrase,hard,arm,T1,0,hybrid+rerank,1.0000,1.0000,77.417304,hybrid+rerank
s4-d0-t1-02-q6,paraphrase,hard,arm,T1,0,bm25,1.0000,1.0000,61.246186,bm25
s4-d0-t1-02-q6,paraphrase,hard,arm,T1,0,dense,1.0000,0.2000,13.403830,dense
s4-d0-t1-02-q6,paraphrase,hard,arm,T1,0,hybrid,1.0000,1.0000,74.050578,hybrid
s4-d0-t1-02-q6,paraphrase,hard,arm,T1,0,hybrid+rerank,1.0000,1.0000,75.035195,hybrid+rerank
s4-d1-t0-03-q1,lexical,hard,arm,T0,0,bm25,1.0000,1.0000,38.899436,bm25
s4-d1-t0-03-q1,lexical,hard,arm,T0,0,dense,1.0000,1.0000,8.885240,dense
s4-d1-t0-03-q1,lexical,hard,arm,T0,0,hybrid,1.0000,1.0000,47.613684,hybrid
s4-d1-t0-03-q1,lexical,hard,arm,T0,0,hybrid+rerank,1.0000,1.0000,48.426022,hybrid+rerank
s4-d1-t0-03-q2,paraphrase,hard,arm,T0,0,bm25,1.0000,1.0000,39.659791,bm25
s4-d1-t0-03-q2,paraphrase,hard,arm,T0,0,dense,1.0000,1.0000,8.454947,dense
s4-d1-t0-03-q2,paraphrase,hard,arm,T0,0,hybrid,1.0000,1.0000,47.150144,hybrid
s4-d1-t0-03-q2,paraphrase,hard,arm,T0,0,hybrid+rerank,1.0000,1.0000,47.883385,hybrid+rerank
s4-d1-t0-03-q3,paraphrase,hard,arm,T0,0,bm25,1.0000,1.0000,37.733875,bm25
s4-d1-t0-03-q3,paraphrase,hard,arm,T0,0,dense,1.0000,1.0000,9.041539,dense
s4-d1-t0-03-q3,paraphrase,hard,arm,T0,0,hybrid,1.0000,1.0000,46.227416,hybrid
s4-d1-t0-03-q3,paraphrase,hard,arm,T0,0,hybrid+rerank,1.0000,1.0000,47.644043,hybrid+rerank
s4-d1-t0-03-q4,paraphrase,hard,arm,T0,0,bm25,1.0000,1.0000,37.586670,bm25
s4-d1-t0-03-q4,paraphrase,hard,arm,T0,0,dense,0.0000,0.0000,8.802656,dense
s4-d1-t0-03-q4,paraphrase,hard,arm,T0,0,hybrid,1.0000,0.5000,46.291340,hybrid
s4-d1-t0-03-q4,paraphrase,hard,arm,T0,0,hybrid+rerank,1.0000,1.0000,47.927398,hybrid+rerank
s4-d2-t1-04-q1,paraphrase,hard,arm,T1,0,bm25,0.0000,0.0000,61.326404,bm25
s4-d2-t1-04-q1,paraphrase,hard,arm,T1,0,dense,1.0000,0.2500,12.885340,dense
s4-d2-t1-04-q1,paraphrase,hard,arm,T1,0,hybrid,1.0000,0.1667,72.627794,hybrid
s4-d2-t1-04-q1,paraphrase,hard,arm,T1,0,hybrid+rerank,1.0000,0.1429,79.108928,hybrid+rerank
s4-d2-t1-04-q2,paraphrase,hard,arm,T1,0,bm25,1.0000,1.0000,60.961882,bm25
s4-d2-t1-04-q2,paraphrase,hard,arm,T1,0,dense,1.0000,1.0000,12.889458,dense
s4-d2-t1-04-q2,paraphrase,hard,arm,T1,0,hybrid,1.0000,1.0000,74.421765,hybrid
s4-d2-t1-04-q2,paraphrase,hard,arm,T1,0,hybrid+rerank,1.0000,1.0000,74.778549,hybrid+rerank
s4-d2-t1-04-q3,multi_hop,hard,arm,T1,0,bm25,1.0000,0.5000,60.004270,bm25
s4-d2-t1-04-q3,multi_hop,hard,arm,T1,0,dense,1.0000,0.1429,13.017874,dense
s4-d2-t1-04-q3,multi_hop,hard,arm,T1,0,hybrid,1.0000,0.2500,74.044823,hybrid
s4-d2-t1-04-q3,multi_hop,hard,arm,T1,0,hybrid+rerank,1.0000,0.3333,75.234957,hybrid+rerank
s4-d2-t1-04-q4,paraphrase,hard,arm,T1,0,bm25,1.0000,1.0000,59.797478,bm25
s4-d2-t1-04-q4,paraphrase,hard,arm,T1,0,dense,1.0000,0.2500,13.887731,dense
s4-d2-t1-04-q4,paraphrase,hard,arm,T1,0,hybrid,1.0000,1.0000,74.862636,hybrid
s4-d2-t1-04-q4,paraphrase,hard,arm,T1,0,hybrid+rerank,1.0000,1.0000,73.725245,hybrid+rerank
s4-d3-t0-05-q1,lexical,hard,arm,T0,0,bm25,1.0000,1.0000,39.682856,bm25
s4-d3-t0-05-q1,lexical,hard,arm,T0,0,dense,1.0000,1.0000,8.935683,dense
s4-d3-t0-05-q1,lexical,hard,arm,T0,0,hybrid,1.0000,1.0000,48.311312,hybrid
s4-d3-t0-05-q1,lexical,hard,arm,T0,0,hybrid+rerank,1.0000,1.0000,48.470481,hybrid+rerank
s4-d3-t0-05-q2,lexical,hard,arm,T0,0,bm25,1.0000,1.0000,39.530020,bm25
s4-d3-t0-05-q2,lexical,hard,arm,T0,0,dense,1.0000,1.0000,9.194813,dense
s4-d3-t0-05-q2,lexical,hard,arm,T0,0,hybrid,1.0000,1.0000,50.469413,hybrid
s4-d3-t0-05-q2,lexical,hard,arm,T0,0,hybrid+rerank,1.0000,1.0000,49.878623,hybrid+rerank
s4-d3-t0-05-q3,paraphrase,hard,arm,T0,0,bm25,1.0000,1.0000,38.353623,bm25
s4-d3-t0-05-q3,paraphrase,hard,arm,T0,0,dense,1.0000,1.0000,9.700868,dense
s4-d3-t0-05-q3,paraphrase,hard,arm,T0,0,hybrid,1.0000,1.0000,47.878154,hybrid
s4-d3-t0-05-q3,paraphrase,hard,arm,T0,0,hybrid+rerank,1.0000,1.0000,48.826790,hybrid+rerank
s4-d3-t0-05-q4,paraphrase,hard,arm,T0,0,bm25,1.0000,0.5000,38.417859,bm25
s4-d3-t0-05-q4,paraphrase,hard,arm,T0,0,dense,1.0000,0.3333,9.056595,dense
s4-d3-t0-05-q4,paraphrase,hard,arm,T0,0,hybrid,1.0000,0.5000,47.194707,hybrid
s4-d3-t0-05-q4,paraphrase,hard,arm,T0,0,hybrid+rerank,1.0000,0.5000,48.946908,hybrid+rerank
s5-d0-t0-01-q1,multi_hop,trap,arm,T0,0,bm25,1.0000,0.5000,38.296413,bm25
s5-d0-t0-01-q1,multi_hop,trap,arm,T0,0,dense,1.0000,0.2500,8.521182,dense
s5-d0-t0-01-q1,multi_hop,trap,arm,T0,0,hybrid,1.0000,0.5000,46.861150,hybrid
s5-d0-t0-01-q1,multi_hop,trap,arm,T0,0,hybrid+rerank,1.0000,0.2500,48.871056,hybrid+rerank
s5-d0-t0-01-q2,multi_hop,trap,arm,T0,0,bm25,1.0000,1.0000,38.143154,bm25
s5-d0-t0-01-q2,multi_hop,trap,arm,T0,0,dense,1.0000,0.2500,8.624162,dense
s5-d0-t0-01-q2,multi_hop,trap,arm,T0,0,hybrid,1.0000,0.5000,47.221396,hybrid
s5-d0-t0-01-q2,multi_hop,trap,arm,T0,0,hybrid+rerank,1.0000,1.0000,48.851455,hybrid+rerank
s5-d0-t0-01-q3,multi_hop,trap,arm,T0,0,bm25,0.0000,0.0000,38.102514,bm25
s5-d0-t0-01-q3,multi_hop,trap,arm,T0,0,dense,1.0000,0.1250,8.806841,dense
s5-d0-t0-01-q3,multi_hop,trap,arm,T0,0,hybrid,1.0000,0.1250,46.668962,hybrid
s5-d0-t0-01-q3,multi_hop,trap,arm,T0,0,hybrid+rerank,1.0000,0.1000,47.844619,hybrid+rerank
s5-d0-t0-01-q4,paraphrase,hard,arm,T0,0,bm25,1.0000,0.1250,38.436685,bm25
s5-d0-t0-01-q4,paraphrase,hard,arm,T0,0,dense,1.0000,0.2000,9.396517,dense
s5-d0-t0-01-q4,paraphrase,hard,arm,T0,0,hybrid,1.0000,0.2500,49.120201,hybrid
s5-d0-t0-01-q4,paraphrase,hard,arm,T0,0,hybrid+rerank,1.0000,0.1667,50.010479,hybrid+rerank
s5-d0-t0-01-q5,multi_hop,trap,arm,T0,0,bm25,0.0000,0.0000,39.119650,bm25
s5-d0-t0-01-q5,multi_hop,trap,arm,T0,0,dense,1.0000,1.0000,9.009661,dense
s5-d0-t0-01-q5,multi_hop,trap,arm,T0,0,hybrid,1.0000,0.1667,48.214507,hybrid
s5-d0-t0-01-q5,multi_hop,trap,arm,T0,0,hybrid+rerank,1.0000,0.1429,50.084813,hybrid+rerank
s5-d0-t0-01-q6,multi_hop,hard,arm,T0,0,bm25,1.0000,0.3333,41.562853,bm25
s5-d0-t0-01-q6,multi_hop,hard,arm,T0,0,dense,1.0000,1.0000,9.393842,dense
s5-d0-t0-01-q6,multi_hop,hard,arm,T0,0,hybrid,1.0000,0.5000,50.917558,hybrid
s5-d0-t0-01-q6,multi_hop,hard,arm,T0,0,hybrid+rerank,1.0000,0.3333,50.655343,hybrid+rerank
s5-d0-t1-02-q1,multi_hop,hard,arm,T1,0,bm25,1.0000,1.0000,63.543372,bm25
s5-d0-t1-02-q1,multi_hop,hard,arm,T1,0,dense,1.0000,1.0000,13.132786,dense
s5-d0-t1-02-q1,multi_hop,hard,arm,T1,0,hybrid,1.0000,1.0000,75.944105,hybrid
s5-d0-t1-02-q1,multi_hop,hard,arm,T1,0,hybrid+rerank,1.0000,1.0000,79.944154,hybrid+rerank
s5-d0-t1-02-q2,paraphrase,hard,arm,T1,0,bm25,1.0000,1.0000,64.036542,bm25
s5-d0-t1-02-q2,paraphrase,hard,arm,T1,0,dense,1.0000,1.0000,13.100139,dense
s5-d0-t1-02-q2,paraphrase,hard,arm,T1,0,hybrid,1.0000,1.0000,78.198066,hybrid
s5-d0-t1-02-q2,paraphrase,hard,arm,T1,0,hybrid+rerank,1.0000,1.0000,79.210204,hybrid+rerank
s5-d0-t1-02-q3,paraphrase,hard,arm,T1,0,bm25,1.0000,1.0000,63.272437,bm25
s5-d0-t1-02-q3,paraphrase,hard,arm,T1,0,dense,1.0000,1.0000,13.498033,dense
s5-d0-t1-02-q3,paraphrase,hard,arm,T1,0,hybrid,1.0000,1.0000,79.034909,hybrid
s5-d0-t1-02-q3,paraphrase,hard,arm,T1,0,hybrid+rerank,1.0000,1.0000,79.883438,hybrid+rerank
s5-d0-t1-02-q4,multi_hop,hard,arm,T1,0,bm25,1.0000,1.0000,63.285545,bm25
s5-d0-t1-02-q4,multi_hop,hard,arm,T1,0,dense,1.0000,0.5000,13.583439,dense
s5-d0-t1-02-q4,multi_hop,hard,arm,T1,0,hybrid,1.0000,1.0000,77.862188,hybrid
s5-d0-t1-02-q4,multi_hop,hard,arm,T1,0,hybrid+rerank,1.0000,1.0000,78.162136,hybrid+rerank
s5-d1-t1-03-q1,paraphrase,hard,arm,T1,0,bm25,1.0000,1.0000,67.205558,bm25
s5-d1-t1-03-q1,paraphrase,hard,arm,T1,0,dense,1.0000,1.0000,14.174186,dense
s5-d1-t1-03-q1,paraphrase,hard,arm,T1,0,hybrid,1.0000,1.0000,78.493494,hybrid
s5-d1-t1-03-q1,paraphrase,hard,arm,T1,0,hybrid+rerank,1.0000,1.0000,81.246666,hybrid+rerank
s5-d1-t1-03-q2,paraphrase,hard,arm,T1,0,bm25,1.0000,1.0000,65.165545,bm25
s5-d1-t1-03-q2,paraphrase,hard,arm,T1,0,dense,1.0000,1.0000,13.312210,dense
s5-d1-t1-03-q2,paraphrase,hard,arm,T1,0,hybrid,1.0000,1.0000,75.861230,hybrid
s5-d1-t1-03-q2,paraphrase,hard,arm,T1,0,hybrid+rerank,1.0000,1.0000,77.053945,hybrid+rerank
s5-d1-t1-03-q3,paraphrase,hard,arm,T1,0,bm25,1.0000,1.0000,65.213110,bm25
s5-d1-t1-03-q3,paraphrase,hard,arm,T1,0,dense,1.0000,1.0000,13.100584,dense
s5-d1-t1-03-q3,paraphrase,hard,arm,T1,0,hybrid,1.0000,1.0000,74.876014,hybrid
s5-d1-t1-03-q3,paraphrase,hard,arm,T1,0,hybrid+rerank,1.0000,1.0000,76.228185,hybrid+rerank
s5-d1-t1-03-q4,paraphrase,hard,arm,T1,0,bm25,1.0000,0.1000,61.676172,bm25
s5-d1-t1-03-q4,paraphrase,hard,arm,T1,0,dense,0.0000,0.0000,13.498549,dense
s5-d1-t1-03-q4,paraphrase,hard,arm,T1,0,hybrid,1.0000,0.1111,76.942272,hybrid
s5-d1-t1-03-q4,paraphrase,hard,arm,T1,0,hybrid+rerank,1.0000,0.2000,79.233718,hybrid+rerank
s5-d2-t0-04-q1,multi_hop,hard,arm,T0,0,bm25,1.0000,0.2500,42.829182,bm25
s5-d2-t0-04-q1,multi_hop,hard,arm,T0,0,dense,1.0000,1.0000,9.439820,dense
s5-d2-t0-04-q1,multi_hop,hard,arm,T0,0,hybrid,1.0000,1.0000,51.735894,hybrid
s5-d2-t0-04-q1,multi_hop,hard,arm,T0,0,hybrid+rerank,1.0000,0.5000,50.381103,hybrid+rerank
s5-d2-t0-04-q2,multi_hop,hard,arm,T0,0,bm25,1.0000,0.3333,39.929806,bm25
s5-d2-t0-04-q2,multi_hop,hard,arm,T0,0,dense,1.0000,1.0000,9.309253,dense
s5-d2-t0-04-q2,multi_hop,hard,arm,T0,0,hybrid,1.0000,0.3333,51.116172,hybrid
s5-d2-t0-04-q2,multi_hop,hard,arm,T0,0,hybrid+rerank,1.0000,1.0000,53.438406,hybrid+rerank
s5-d2-t0-04-q3,multi_hop,hard,arm,T0,0,bm25,1.0000,0.2500,42.416779,bm25
s5-d2-t0-04-q3,multi_hop,hard,arm,T0,0,dense,0.0000,0.0000,9.301845,dense
s5-d2-t0-04-q3,multi_hop,hard,arm,T0,0,hybrid,1.0000,0.1250,50.366733,hybrid
s5-d2-t0-04-q3,multi_hop,hard,arm,T0,0,hybrid+rerank,1.0000,0.3333,52.679164,hybrid+rerank
s5-d3-t1-05-q1,paraphrase,trap,arm,T1,0,bm25,1.0000,1.0000,67.680414,bm25
s5-d3-t1-05-q1,paraphrase,trap,arm,T1,0,dense,1.0000,1.0000,13.878625,dense
s5-d3-t1-05-q1,paraphrase,trap,arm,T1,0,hybrid,1.0000,1.0000,81.991765,hybrid
s5-d3-t1-05-q1,paraphrase,trap,arm,T1,0,hybrid+rerank,1.0000,0.5000,84.898995,hybrid+rerank
s5-d3-t1-05-q2,multi_hop,trap,arm,T1,0,bm25,1.0000,0.3333,68.971442,bm25
s5-d3-t1-05-q2,multi_hop,trap,arm,T1,0,dense,1.0000,0.5000,14.244457,dense
s5-d3-t1-05-q2,multi_hop,trap,arm,T1,0,hybrid,1.0000,0.3333,83.585339,hybrid
s5-d3-t1-05-q2,multi_hop,trap,arm,T1,0,hybrid+rerank,1.0000,0.3333,84.337665,hybrid+rerank
s5-d3-t1-05-q3,lexical,hard,arm,T1,0,bm25,1.0000,1.0000,67.049233,bm25
s5-d3-t1-05-q3,lexical,hard,arm,T1,0,dense,1.0000,1.0000,14.018632,dense
s5-d3-t1-05-q3,lexical,hard,arm,T1,0,hybrid,1.0000,1.0000,82.694946,hybrid
s5-d3-t1-05-q3,lexical,hard,arm,T1,0,hybrid+rerank,1.0000,1.0000,83.641041,hybrid+rerank
s6-d0-t1-01-q1,lexical,hard,arm,T1,0,bm25,1.0000,1.0000,64.901476,bm25
s6-d0-t1-01-q1,lexical,hard,arm,T1,0,dense,1.0000,1.0000,14.124917,dense
s6-d0-t1-01-q1,lexical,hard,arm,T1,0,hybrid,1.0000,1.0000,80.072959,hybrid
s6-d0-t1-01-q1,lexical,hard,arm,T1,0,hybrid+rerank,1.0000,1.0000,83.524618,hybrid+rerank
s6-d0-t1-01-q2,lexical,hard,arm,T1,0,bm25,1.0000,1.0000,65.376684,bm25
s6-d0-t1-01-q2,lexical,hard,arm,T1,0,dense,1.0000,1.0000,12.899722,dense
s6-d0-t1-01-q2,lexical,hard,arm,T1,0,hybrid,1.0000,1.0000,77.815512,hybrid
s6-d0-t1-01-q2,lexical,hard,arm,T1,0,hybrid+rerank,1.0000,1.0000,79.188801,hybrid+rerank
s6-d0-t1-01-q3,lexical,hard,arm,T1,0,bm25,1.0000,1.0000,64.543280,bm25
s6-d0-t1-01-q3,lexical,hard,arm,T1,0,dense,1.0000,1.0000,14.119569,dense
s6-d0-t1-01-q3,lexical,hard,arm,T1,0,hybrid,1.0000,1.0000,81.092026,hybrid
s6-d0-t1-01-q3,lexical,hard,arm,T1,0,hybrid+rerank,1.0000,1.0000,82.341138,hybrid+rerank
s6-d0-t1-02-q1,lexical,hard,arm,T1,0,bm25,1.0000,1.0000,69.228329,bm25
s6-d0-t1-02-q1,lexical,hard,arm,T1,0,dense,1.0000,1.0000,14.644189,dense
s6-d0-t1-02-q1,lexical,hard,arm,T1,0,hybrid,1.0000,1.0000,82.808875,hybrid
s6-d0-t1-02-q1,lexical,hard,arm,T1,0,hybrid+rerank,1.0000,1.0000,83.308434,hybrid+rerank
s6-d0-t1-02-q2,lexical,hard,arm,T1,0,bm25,1.0000,1.0000,65.821343,bm25
s6-d0-t1-02-q2,lexical,hard,arm,T1,0,dense,1.0000,1.0000,12.902446,dense
s6-d0-t1-02-q2,lexical,hard,arm,T1,0,hybrid,1.0000,1.0000,80.386715,hybrid
s6-d0-t1-02-q2,lexical,hard,arm,T1,0,hybrid+rerank,1.0000,1.0000,77.107227,hybrid+rerank
s6-d0-t1-02-q3,paraphrase,hard,arm,T1,0,bm25,1.0000,1.0000,68.362679,bm25
s6-d0-t1-02-q3,paraphrase,hard,arm,T1,0,dense,1.0000,1.0000,13.877031,dense
s6-d0-t1-02-q3,paraphrase,hard,arm,T1,0,hybrid,1.0000,1.0000,80.109215,hybrid
s6-d0-t1-02-q3,paraphrase,hard,arm,T1,0,hybrid+rerank,1.0000,1.0000,80.377727,hybrid+rerank
s6-d0-t1-03-q1,lexical,hard,arm,T1,0,bm25,1.0000,1.0000,65.050305,bm25
s6-d0-t1-03-q1,lexical,hard,arm,T1,0,dense,1.0000,1.0000,12.859491,dense
s6-d0-t1-03-q1,lexical,hard,arm,T1,0,hybrid,1.0000,1.0000,79.827745,hybrid
s6-d0-t1-03-q1,lexical,hard,arm,T1,0,hybrid+rerank,1.0000,1.0000,86.842007,hybrid+rerank
s6-d0-t1-03-q2,multi_hop,hard,arm,T1,0,bm25,1.0000,1.0000,72.781494,bm25
s6-d0-t1-03-q2,multi_hop,hard,arm,T1,0,dense,1.0000,1.0000,13.368766,dense
s6-d0-t1-03-q2,multi_hop,hard,arm,T1,0,hybrid,1.0000,1.0000,78.376870,hybrid
s6-d0-t1-03-q2,multi_hop,hard,arm,T1,0,hybrid+rerank,1.0000,1.0000,77.320559,hybrid+rerank
s6-d0-t1-03-q3,multi_hop,hard,arm,T1,0,bm25,0.0000,0.0000,63.214294,bm25
s6-d0-t1-03-q3,multi_hop,hard,arm,T1,0,dense,1.0000,1.0000,12.914880,dense
s6-d0-t1-03-q3,multi_hop,hard,arm,T1,0,hybrid,1.0000,0.3333,79.406126,hybrid
s6-d0-t1-03-q3,multi_hop,hard,arm,T1,0,hybrid+rerank,1.0000,0.2500,79.886422,hybrid+rerank
s6-d1-c1-q1,paraphrase,trap,arm,T1,0,bm25,1.0000,1.0000,65.245026,bm25
s6-d1-c1-q1,paraphrase,trap,arm,T1,0,dense,1.0000,1.0000,13.630477,dense
s6-d1-c1-q1,paraphrase,trap,arm,T1,0,hybrid,1.0000,1.0000,77.249745,hybrid
s6-d1-c1-q1,paraphrase,trap,arm,T1,0,hybrid+rerank,1.0000,1.0000,79.971474,hybrid+rerank
s6-d1-c1-q2-new,multi_hop,trap,arm,T1,0,bm25,1.0000,0.5000,62.239315,bm25
s6-d1-c1-q2-new,multi_hop,trap,arm,T1,0,dense,1.0000,1.0000,13.550651,dense
s6-d1-c1-q2-new,multi_hop,trap,arm,T1,0,hybrid,1.0000,1.0000,94.026486,hybrid
s6-d1-c1-q2-new,multi_hop,trap,arm,T1,0,hybrid+rerank,1.0000,1.0000,79.989798,hybrid+rerank
s6-d1-c2-q1,paraphrase,trap,arm,T1,0,bm25,1.0000,0.1429,65.054276,bm25
s6-d1-c2-q1,paraphrase,trap,arm,T1,0,dense,1.0000,1.0000,13.654878,dense
s6-d1-c2-q1,paraphrase,trap,arm,T1,0,hybrid,1.0000,0.5000,82.500430,hybrid
s6-d1-c2-q1,paraphrase,trap,arm,T1,0,hybrid+rerank,1.0000,0.5000,82.538493,hybrid+rerank
s6-d1-c3-q1,lexical,trap,arm,T1,0,bm25,1.0000,1.0000,67.095507,bm25
s6-d1-c3-q1,lexical,trap,arm,T1,0,dense,1.0000,1.0000,13.965641,dense
s6-d1-c3-q1,lexical,trap,arm,T1,0,hybrid,1.0000,1.0000,79.291907,hybrid
s6-d1-c3-q1,lexical,trap,arm,T1,0,hybrid+rerank,1.0000,1.0000,84.125706,hybrid+rerank
s6-d1-c4-q1,paraphrase,trap,arm,T1,0,bm25,1.0000,1.0000,68.393231,bm25
s6-d1-c4-q1,paraphrase,trap,arm,T1,0,dense,1.0000,1.0000,13.961667,dense
s6-d1-c4-q1,paraphrase,trap,arm,T1,0,hybrid,1.0000,1.0000,81.081588,hybrid
s6-d1-c4-q1,paraphrase,trap,arm,T1,0,hybrid+rerank,1.0000,1.0000,84.417099,hybrid+rerank
s6-d2-g1-q1,lexical,hard,arm,T1,0,bm25,1.0000,1.0000,66.084979,bm25
s6-d2-g1-q1,lexical,hard,arm,T1,0,dense,1.0000,1.0000,14.083625,dense
s6-d2-g1-q1,lexical,hard,arm,T1,0,hybrid,1.0000,1.0000,79.625163,hybrid
s6-d2-g1-q1,lexical,hard,arm,T1,0,hybrid+rerank,1.0000,1.0000,82.098713,hybrid+rerank
s6-d2-g2-q1,lexical,hard,arm,T1,0,bm25,1.0000,1.0000,63.186719,bm25
s6-d2-g2-q1,lexical,hard,arm,T1,0,dense,1.0000,1.0000,12.633848,dense
s6-d2-g2-q1,lexical,hard,arm,T1,0,hybrid,1.0000,1.0000,78.196440,hybrid
s6-d2-g2-q1,lexical,hard,arm,T1,0,hybrid+rerank,1.0000,1.0000,81.841667,hybrid+rerank
s6-d2-g3-q1,multi_hop,hard,arm,T1,0,bm25,1.0000,1.0000,65.955219,bm25
s6-d2-g3-q1,multi_hop,hard,arm,T1,0,dense,1.0000,1.0000,14.151456,dense
s6-d2-g3-q1,multi_hop,hard,arm,T1,0,hybrid,1.0000,1.0000,80.073069,hybrid
s6-d2-g3-q1,multi_hop,hard,arm,T1,0,hybrid+rerank,1.0000,1.0000,81.714099,hybrid+rerank
s6-d3-t1-01-q1,lexical,hard,arm,T1,0,bm25,1.0000,1.0000,64.032392,bm25
s6-d3-t1-01-q1,lexical,hard,arm,T1,0,dense,1.0000,1.0000,14.044890,dense
s6-d3-t1-01-q1,lexical,hard,arm,T1,0,hybrid,1.0000,1.0000,79.161209,hybrid
s6-d3-t1-01-q1,lexical,hard,arm,T1,0,hybrid+rerank,1.0000,1.0000,80.523842,hybrid+rerank
s6-d3-t1-01-q2,lexical,hard,arm,T1,0,bm25,1.0000,1.0000,64.681411,bm25
s6-d3-t1-01-q2,lexical,hard,arm,T1,0,dense,1.0000,1.0000,13.259078,dense
s6-d3-t1-01-q2,lexical,hard,arm,T1,0,hybrid,1.0000,1.0000,80.801528,hybrid
s6-d3-t1-01-q2,lexical,hard,arm,T1,0,hybrid+rerank,1.0000,1.0000,79.846017,hybrid+rerank
s6-d3-t1-01-q3,lexical,hard,arm,T1,0,bm25,1.0000,1.0000,63.862436,bm25
s6-d3-t1-01-q3,lexical,hard,arm,T1,0,dense,1.0000,1.0000,13.644918,dense
s6-d3-t1-01-q3,lexical,hard,arm,T1,0,hybrid,1.0000,1.0000,77.733897,hybrid
s6-d3-t1-01-q3,lexical,hard,arm,T1,0,hybrid+rerank,1.0000,1.0000,82.289229,hybrid+rerank
s6-d3-t1-02-q1,lexical,hard,arm,T1,0,bm25,1.0000,1.0000,65.548900,bm25
s6-d3-t1-02-q1,lexical,hard,arm,T1,0,dense,1.0000,1.0000,13.801494,dense
s6-d3-t1-02-q1,lexical,hard,arm,T1,0,hybrid,1.0000,1.0000,81.003627,hybrid
s6-d3-t1-02-q1,lexical,hard,arm,T1,0,hybrid+rerank,1.0000,1.0000,81.152139,hybrid+rerank
s6-d3-t1-02-q2,lexical,hard,arm,T1,0,bm25,1.0000,1.0000,66.106644,bm25
s6-d3-t1-02-q2,lexical,hard,arm,T1,0,dense,1.0000,1.0000,13.802490,dense
s6-d3-t1-02-q2,lexical,hard,arm,T1,0,hybrid,1.0000,1.0000,77.787491,hybrid
s6-d3-t1-02-q2,lexical,hard,arm,T1,0,hybrid+rerank,1.0000,1.0000,80.152902,hybrid+rerank
s6-d3-t1-02-q3,lexical,hard,arm,T1,0,bm25,1.0000,1.0000,65.808806,bm25
s6-d3-t1-02-q3,lexical,hard,arm,T1,0,dense,1.0000,1.0000,13.969230,dense
s6-d3-t1-02-q3,lexical,hard,arm,T1,0,hybrid,1.0000,1.0000,79.109225,hybrid
s6-d3-t1-02-q3,lexical,hard,arm,T1,0,hybrid+rerank,1.0000,1.0000,79.842425,hybrid+rerank
s6-d3-t1-03-q1,lexical,hard,arm,T1,0,bm25,1.0000,1.0000,65.671241,bm25
s6-d3-t1-03-q1,lexical,hard,arm,T1,0,dense,1.0000,1.0000,13.397926,dense
s6-d3-t1-03-q1,lexical,hard,arm,T1,0,hybrid,1.0000,1.0000,79.440140,hybrid
s6-d3-t1-03-q1,lexical,hard,arm,T1,0,hybrid+rerank,1.0000,1.0000,81.723644,hybrid+rerank
s6-d3-t1-03-q2,lexical,hard,arm,T1,0,bm25,1.0000,1.0000,68.684488,bm25
s6-d3-t1-03-q2,lexical,hard,arm,T1,0,dense,1.0000,1.0000,15.076422,dense
s6-d3-t1-03-q2,lexical,hard,arm,T1,0,hybrid,1.0000,1.0000,82.565667,hybrid
s6-d3-t1-03-q2,lexical,hard,arm,T1,0,hybrid+rerank,1.0000,1.0000,79.996460,hybrid+rerank
s6-mh-12-new,paraphrase,hard,arm,T1,0,bm25,1.0000,1.0000,67.883264,bm25
s6-mh-12-new,paraphrase,hard,arm,T1,0,dense,1.0000,1.0000,14.594081,dense
s6-mh-12-new,paraphrase,hard,arm,T1,0,hybrid,1.0000,1.0000,81.717182,hybrid
s6-mh-12-new,paraphrase,hard,arm,T1,0,hybrid+rerank,1.0000,1.0000,84.101903,hybrid+rerank
s6-mh-15-new,paraphrase,hard,arm,T1,0,bm25,1.0000,0.1111,67.593093,bm25
s6-mh-15-new,paraphrase,hard,arm,T1,0,dense,0.0000,0.0000,13.156806,dense
s6-mh-15-new,paraphrase,hard,arm,T1,0,hybrid,1.0000,0.1000,80.564728,hybrid
s6-mh-15-new,paraphrase,hard,arm,T1,0,hybrid+rerank,1.0000,0.1111,84.529628,hybrid+rerank
s7-d0-t0-01-q1,lexical,hard,arm,T0,0,bm25,1.0000,1.0000,45.109030,bm25
s7-d0-t0-01-q1,lexical,hard,arm,T0,0,dense,1.0000,1.0000,9.933079,dense
s7-d0-t0-01-q1,lexical,hard,arm,T0,0,hybrid,1.0000,1.0000,52.125829,hybrid
s7-d0-t0-01-q1,lexical,hard,arm,T0,0,hybrid+rerank,1.0000,0.3333,54.275218,hybrid+rerank
s7-d0-t0-01-q2,lexical,hard,arm,T0,0,bm25,1.0000,1.0000,42.671789,bm25
s7-d0-t0-01-q2,lexical,hard,arm,T0,0,dense,1.0000,1.0000,9.249371,dense
s7-d0-t0-01-q2,lexical,hard,arm,T0,0,hybrid,1.0000,1.0000,52.914062,hybrid
s7-d0-t0-01-q2,lexical,hard,arm,T0,0,hybrid+rerank,1.0000,1.0000,56.111380,hybrid+rerank
s7-d0-t0-01-q3,paraphrase,hard,arm,T0,0,bm25,1.0000,0.5000,42.845627,bm25
s7-d0-t0-01-q3,paraphrase,hard,arm,T0,0,dense,1.0000,1.0000,9.505616,dense
s7-d0-t0-01-q3,paraphrase,hard,arm,T0,0,hybrid,1.0000,1.0000,53.944377,hybrid
s7-d0-t0-01-q3,paraphrase,hard,arm,T0,0,hybrid+rerank,1.0000,1.0000,55.548449,hybrid+rerank
s7-d0-t0-01-q4,paraphrase,hard,arm,T0,0,bm25,1.0000,1.0000,42.598457,bm25
s7-d0-t0-01-q4,paraphrase,hard,arm,T0,0,dense,1.0000,1.0000,9.537052,dense
s7-d0-t0-01-q4,paraphrase,hard,arm,T0,0,hybrid,1.0000,1.0000,52.982849,hybrid
s7-d0-t0-01-q4,paraphrase,hard,arm,T0,0,hybrid+rerank,1.0000,1.0000,51.669276,hybrid+rerank
s7-d0-t0-01-q5,paraphrase,hard,arm,T0,0,bm25,1.0000,0.5000,42.800338,bm25
s7-d0-t0-01-q5,paraphrase,hard,arm,T0,0,dense,1.0000,1.0000,8.941200,dense
s7-d0-t0-01-q5,paraphrase,hard,arm,T0,0,hybrid,1.0000,1.0000,51.461836,hybrid
s7-d0-t0-01-q5,paraphrase,hard,arm,T0,0,hybrid+rerank,1.0000,1.0000,54.597660,hybrid+rerank
s7-d0-t0-01-q6,paraphrase,hard,arm,T0,0,bm25,1.0000,1.0000,42.357552,bm25
s7-d0-t0-01-q6,paraphrase,hard,arm,T0,0,dense,1.0000,1.0000,9.479792,dense
s7-d0-t0-01-q6,paraphrase,hard,arm,T0,0,hybrid,1.0000,1.0000,52.581818,hybrid
s7-d0-t0-01-q6,paraphrase,hard,arm,T0,0,hybrid+rerank,1.0000,1.0000,53.454868,hybrid+rerank
s7-d0-t1-02-q1,lexical,hard,arm,T1,0,bm25,1.0000,1.0000,69.545494,bm25
s7-d0-t1-02-q1,lexical,hard,arm,T1,0,dense,1.0000,1.0000,14.035906,dense
s7-d0-t1-02-q1,lexical,hard,arm,T1,0,hybrid,1.0000,1.0000,85.748759,hybrid
s7-d0-t1-02-q1,lexical,hard,arm,T1,0,hybrid+rerank,1.0000,1.0000,94.706261,hybrid+rerank
s7-d0-t1-02-q2,paraphrase,hard,arm,T1,0,bm25,1.0000,1.0000,67.888653,bm25
s7-d0-t1-02-q2,paraphrase,hard,arm,T1,0,dense,1.0000,1.0000,14.292355,dense
s7-d0-t1-02-q2,paraphrase,hard,arm,T1,0,hybrid,1.0000,1.0000,84.914455,hybrid
s7-d0-t1-02-q2,paraphrase,hard,arm,T1,0,hybrid+rerank,1.0000,1.0000,94.265493,hybrid+rerank
s7-d0-t1-02-q3,paraphrase,hard,arm,T1,0,bm25,1.0000,1.0000,87.544867,bm25
s7-d0-t1-02-q3,paraphrase,hard,arm,T1,0,dense,1.0000,1.0000,14.466411,dense
s7-d0-t1-02-q3,paraphrase,hard,arm,T1,0,hybrid,1.0000,1.0000,91.490699,hybrid
s7-d0-t1-02-q3,paraphrase,hard,arm,T1,0,hybrid+rerank,1.0000,1.0000,104.319531,hybrid+rerank
s7-d0-t1-02-q4,paraphrase,hard,arm,T1,0,bm25,1.0000,0.5000,72.335323,bm25
s7-d0-t1-02-q4,paraphrase,hard,arm,T1,0,dense,1.0000,1.0000,14.345276,dense
s7-d0-t1-02-q4,paraphrase,hard,arm,T1,0,hybrid,1.0000,1.0000,111.183885,hybrid
s7-d0-t1-02-q4,paraphrase,hard,arm,T1,0,hybrid+rerank,1.0000,1.0000,96.638546,hybrid+rerank
s7-d0-t1-02-q5,lexical,hard,arm,T1,0,bm25,1.0000,1.0000,67.372913,bm25
s7-d0-t1-02-q5,lexical,hard,arm,T1,0,dense,1.0000,1.0000,14.047774,dense
s7-d0-t1-02-q5,lexical,hard,arm,T1,0,hybrid,1.0000,1.0000,77.338477,hybrid
s7-d0-t1-02-q5,lexical,hard,arm,T1,0,hybrid+rerank,1.0000,1.0000,84.491979,hybrid+rerank
s7-d0-t1-02-q6,lexical,hard,arm,T1,0,bm25,1.0000,1.0000,68.745134,bm25
s7-d0-t1-02-q6,lexical,hard,arm,T1,0,dense,1.0000,0.3333,14.047279,dense
s7-d0-t1-02-q6,lexical,hard,arm,T1,0,hybrid,1.0000,0.5000,82.370436,hybrid
s7-d0-t1-02-q6,lexical,hard,arm,T1,0,hybrid+rerank,1.0000,1.0000,80.873131,hybrid+rerank
s7-d1-t0-03-q1,multi_hop,hard,arm,T0,0,bm25,1.0000,0.5000,41.927638,bm25
s7-d1-t0-03-q1,multi_hop,hard,arm,T0,0,dense,1.0000,1.0000,8.856162,dense
s7-d1-t0-03-q1,multi_hop,hard,arm,T0,0,hybrid,1.0000,1.0000,50.206022,hybrid
s7-d1-t0-03-q1,multi_hop,hard,arm,T0,0,hybrid+rerank,1.0000,1.0000,48.745198,hybrid+rerank
s7-d1-t0-03-q2,paraphrase,hard,arm,T0,0,bm25,1.0000,1.0000,41.187580,bm25
s7-d1-t0-03-q2,paraphrase,hard,arm,T0,0,dense,1.0000,1.0000,9.823384,dense
s7-d1-t0-03-q2,paraphrase,hard,arm,T0,0,hybrid,1.0000,1.0000,49.464209,hybrid
s7-d1-t0-03-q2,paraphrase,hard,arm,T0,0,hybrid+rerank,1.0000,1.0000,51.868218,hybrid+rerank
s7-d1-t0-03-q3,paraphrase,hard,arm,T0,0,bm25,1.0000,0.5000,39.385356,bm25
s7-d1-t0-03-q3,paraphrase,hard,arm,T0,0,dense,1.0000,1.0000,8.690500,dense
s7-d1-t0-03-q3,paraphrase,hard,arm,T0,0,hybrid,1.0000,0.5000,50.285556,hybrid
s7-d1-t0-03-q3,paraphrase,hard,arm,T0,0,hybrid+rerank,1.0000,0.5000,52.377811,hybrid+rerank
s7-d1-t0-03-q4,paraphrase,hard,arm,T0,0,bm25,1.0000,1.0000,41.860774,bm25
s7-d1-t0-03-q4,paraphrase,hard,arm,T0,0,dense,1.0000,1.0000,9.640838,dense
s7-d1-t0-03-q4,paraphrase,hard,arm,T0,0,hybrid,1.0000,1.0000,58.807236,hybrid
s7-d1-t0-03-q4,paraphrase,hard,arm,T0,0,hybrid+rerank,1.0000,1.0000,71.355225,hybrid+rerank
s7-d2-t1-04-q1,paraphrase,hard,arm,T1,0,bm25,1.0000,1.0000,78.288295,bm25
s7-d2-t1-04-q1,paraphrase,hard,arm,T1,0,dense,1.0000,1.0000,14.311940,dense
s7-d2-t1-04-q1,paraphrase,hard,arm,T1,0,hybrid,1.0000,1.0000,88.059583,hybrid
s7-d2-t1-04-q1,paraphrase,hard,arm,T1,0,hybrid+rerank,1.0000,1.0000,93.186555,hybrid+rerank
s7-d2-t1-04-q2,paraphrase,hard,arm,T1,0,bm25,1.0000,1.0000,68.754308,bm25
s7-d2-t1-04-q2,paraphrase,hard,arm,T1,0,dense,1.0000,1.0000,14.213819,dense
s7-d2-t1-04-q2,paraphrase,hard,arm,T1,0,hybrid,1.0000,1.0000,85.172260,hybrid
s7-d2-t1-04-q2,paraphrase,hard,arm,T1,0,hybrid+rerank,1.0000,1.0000,87.252777,hybrid+rerank
s7-d2-t1-04-q3,paraphrase,hard,arm,T1,0,bm25,1.0000,1.0000,68.991933,bm25
s7-d2-t1-04-q3,paraphrase,hard,arm,T1,0,dense,1.0000,0.5000,19.395935,dense
s7-d2-t1-04-q3,paraphrase,hard,arm,T1,0,hybrid,1.0000,1.0000,85.742173,hybrid
s7-d2-t1-04-q3,paraphrase,hard,arm,T1,0,hybrid+rerank,1.0000,1.0000,90.887581,hybrid+rerank
s7-d2-t1-04-q4,paraphrase,hard,arm,T1,0,bm25,1.0000,1.0000,66.332388,bm25
s7-d2-t1-04-q4,paraphrase,hard,arm,T1,0,dense,1.0000,0.2500,13.256462,dense
s7-d2-t1-04-q4,paraphrase,hard,arm,T1,0,hybrid,1.0000,1.0000,78.829188,hybrid
s7-d2-t1-04-q4,paraphrase,hard,arm,T1,0,hybrid+rerank,1.0000,1.0000,82.468680,hybrid+rerank
s7-d3-t1-05-q1,paraphrase,hard,arm,T1,0,bm25,1.0000,1.0000,72.148122,bm25
s7-d3-t1-05-q1,paraphrase,hard,arm,T1,0,dense,1.0000,1.0000,14.883584,dense
s7-d3-t1-05-q1,paraphrase,hard,arm,T1,0,hybrid,1.0000,1.0000,82.387204,hybrid
s7-d3-t1-05-q1,paraphrase,hard,arm,T1,0,hybrid+rerank,1.0000,1.0000,88.517997,hybrid+rerank
s7-d3-t1-05-q2,paraphrase,hard,arm,T1,0,bm25,1.0000,0.5000,69.486342,bm25
s7-d3-t1-05-q2,paraphrase,hard,arm,T1,0,dense,1.0000,1.0000,14.050672,dense
s7-d3-t1-05-q2,paraphrase,hard,arm,T1,0,hybrid,1.0000,0.5000,83.026643,hybrid
s7-d3-t1-05-q2,paraphrase,hard,arm,T1,0,hybrid+rerank,1.0000,0.5000,81.813588,hybrid+rerank
s7-d3-t1-05-q3,paraphrase,hard,arm,T1,0,bm25,1.0000,1.0000,63.697597,bm25
s7-d3-t1-05-q3,paraphrase,hard,arm,T1,0,dense,1.0000,1.0000,13.525305,dense
s7-d3-t1-05-q3,paraphrase,hard,arm,T1,0,hybrid,1.0000,1.0000,77.950895,hybrid
s7-d3-t1-05-q3,paraphrase,hard,arm,T1,0,hybrid+rerank,1.0000,1.0000,79.745794,hybrid+rerank
s7-d3-t1-05-q4,lexical,hard,arm,T1,0,bm25,1.0000,1.0000,65.730670,bm25
s7-d3-t1-05-q4,lexical,hard,arm,T1,0,dense,1.0000,1.0000,13.344191,dense
s7-d3-t1-05-q4,lexical,hard,arm,T1,0,hybrid,1.0000,1.0000,79.736218,hybrid
s7-d3-t1-05-q4,lexical,hard,arm,T1,0,hybrid+rerank,1.0000,1.0000,83.960140,hybrid+rerank
r4m-s5-d3-t1-05-q4,paraphrase,trap,arm,T1,0,bm25,0.0000,0.0000,66.428490,bm25
r4m-s5-d3-t1-05-q4,paraphrase,trap,arm,T1,0,dense,0.0000,0.0000,13.654528,dense
r4m-s5-d3-t1-05-q4,paraphrase,trap,arm,T1,0,hybrid,1.0000,0.1111,78.685294,hybrid
r4m-s5-d3-t1-05-q4,paraphrase,trap,arm,T1,0,hybrid+rerank,1.0000,0.1000,81.556386,hybrid+rerank
r4m-s5-d3-t1-05-q5,paraphrase,trap,arm,T1,0,bm25,0.0000,0.0000,64.407564,bm25
r4m-s5-d3-t1-05-q5,paraphrase,trap,arm,T1,0,dense,0.0000,0.0000,14.086670,dense
r4m-s5-d3-t1-05-q5,paraphrase,trap,arm,T1,0,hybrid,1.0000,0.2000,78.582377,hybrid
r4m-s5-d3-t1-05-q5,paraphrase,trap,arm,T1,0,hybrid+rerank,1.0000,0.1667,81.612676,hybrid+rerank
r4m-s5-d3-t1-05-q6,paraphrase,trap,arm,T1,0,bm25,1.0000,0.2500,65.561731,bm25
r4m-s5-d3-t1-05-q6,paraphrase,trap,arm,T1,0,dense,1.0000,0.5000,13.783168,dense
r4m-s5-d3-t1-05-q6,paraphrase,trap,arm,T1,0,hybrid,1.0000,0.5000,77.498855,hybrid
r4m-s5-d3-t1-05-q6,paraphrase,trap,arm,T1,0,hybrid+rerank,1.0000,0.5000,80.126101,hybrid+rerank
r4m-s5-d0-t1-02-q5,paraphrase,trap,arm,T1,0,bm25,1.0000,0.5000,66.602832,bm25
r4m-s5-d0-t1-02-q5,paraphrase,trap,arm,T1,0,dense,1.0000,1.0000,13.498661,dense
r4m-s5-d0-t1-02-q5,paraphrase,trap,arm,T1,0,hybrid,1.0000,0.5000,80.205051,hybrid
r4m-s5-d0-t1-02-q5,paraphrase,trap,arm,T1,0,hybrid+rerank,1.0000,0.5000,83.142413,hybrid+rerank
r4m-s3-d3-01-q5,multi_hop,trap,arm,T1,0,bm25,1.0000,0.5000,65.626844,bm25
r4m-s3-d3-01-q5,multi_hop,trap,arm,T1,0,dense,1.0000,0.2000,15.155927,dense
r4m-s3-d3-01-q5,multi_hop,trap,arm,T1,0,hybrid,1.0000,0.2000,82.831234,hybrid
r4m-s3-d3-01-q5,multi_hop,trap,arm,T1,0,hybrid+rerank,1.0000,0.3333,83.055728,hybrid+rerank
r4m-s3-d0-02-q7,multi_hop,trap,arm,T1,0,bm25,1.0000,1.0000,65.978383,bm25
r4m-s3-d0-02-q7,multi_hop,trap,arm,T1,0,dense,1.0000,0.3333,13.828866,dense
r4m-s3-d0-02-q7,multi_hop,trap,arm,T1,0,hybrid,1.0000,1.0000,81.942138,hybrid
r4m-s3-d0-02-q7,multi_hop,trap,arm,T1,0,hybrid+rerank,1.0000,1.0000,82.476309,hybrid+rerank
r4n-s2-d0-t1-91-qa,paraphrase,trap,arm,T1,1,bm25,1.0000,0.3333,78.315323,bm25
r4n-s2-d0-t1-91-qa,paraphrase,trap,arm,T1,1,dense,1.0000,0.5000,14.077476,dense
r4n-s2-d0-t1-91-qa,paraphrase,trap,arm,T1,1,hybrid,1.0000,0.3333,82.352771,hybrid
r4n-s2-d0-t1-91-qa,paraphrase,trap,arm,T1,1,hybrid+rerank,1.0000,0.5000,111.322110,hybrid+rerank
r4n-s2-d0-t1-91-qb,multi_hop,trap,arm,T1,1,bm25,1.0000,1.0000,67.210415,bm25
r4n-s2-d0-t1-91-qb,multi_hop,trap,arm,T1,1,dense,1.0000,1.0000,13.465975,dense
r4n-s2-d0-t1-91-qb,multi_hop,trap,arm,T1,1,hybrid,1.0000,1.0000,81.143167,hybrid
r4n-s2-d0-t1-91-qb,multi_hop,trap,arm,T1,1,hybrid+rerank,1.0000,1.0000,82.121348,hybrid+rerank
r4n-s3-d1-t1-91-qa,paraphrase,trap,arm,T1,1,bm25,1.0000,0.3333,64.842961,bm25
r4n-s3-d1-t1-91-qa,paraphrase,trap,arm,T1,1,dense,1.0000,1.0000,14.083519,dense
r4n-s3-d1-t1-91-qa,paraphrase,trap,arm,T1,1,hybrid,1.0000,1.0000,79.170276,hybrid
r4n-s3-d1-t1-91-qa,paraphrase,trap,arm,T1,1,hybrid+rerank,1.0000,1.0000,81.391030,hybrid+rerank
r4n-s3-d1-t1-91-qb,multi_hop,trap,arm,T1,1,bm25,1.0000,1.0000,68.259948,bm25
r4n-s3-d1-t1-91-qb,multi_hop,trap,arm,T1,1,dense,1.0000,1.0000,13.893016,dense
r4n-s3-d1-t1-91-qb,multi_hop,trap,arm,T1,1,hybrid,1.0000,1.0000,83.342843,hybrid
r4n-s3-d1-t1-91-qb,multi_hop,trap,arm,T1,1,hybrid+rerank,1.0000,1.0000,83.228005,hybrid+rerank
r4n-s3-d1-t1-91-qc,paraphrase,trap,arm,T1,1,bm25,1.0000,1.0000,64.393323,bm25
r4n-s3-d1-t1-91-qc,paraphrase,trap,arm,T1,1,dense,1.0000,1.0000,12.715337,dense
r4n-s3-d1-t1-91-qc,paraphrase,trap,arm,T1,1,hybrid,1.0000,1.0000,78.952064,hybrid
r4n-s3-d1-t1-91-qc,paraphrase,trap,arm,T1,1,hybrid+rerank,1.0000,1.0000,80.320317,hybrid+rerank
r4n-s4-d2-t1-91-qa,paraphrase,trap,arm,T1,1,bm25,1.0000,1.0000,66.623228,bm25
r4n-s4-d2-t1-91-qa,paraphrase,trap,arm,T1,1,dense,1.0000,1.0000,13.131734,dense
r4n-s4-d2-t1-91-qa,paraphrase,trap,arm,T1,1,hybrid,1.0000,1.0000,81.132117,hybrid
r4n-s4-d2-t1-91-qa,paraphrase,trap,arm,T1,1,hybrid+rerank,1.0000,1.0000,80.245104,hybrid+rerank
r4n-s4-d2-t1-91-qb,multi_hop,trap,arm,T1,1,bm25,1.0000,1.0000,65.160847,bm25
r4n-s4-d2-t1-91-qb,multi_hop,trap,arm,T1,1,dense,1.0000,1.0000,13.657381,dense
r4n-s4-d2-t1-91-qb,multi_hop,trap,arm,T1,1,hybrid,1.0000,1.0000,81.664195,hybrid
r4n-s4-d2-t1-91-qb,multi_hop,trap,arm,T1,1,hybrid+rerank,1.0000,1.0000,81.301949,hybrid+rerank
r4n-s4-d2-t1-91-qc,paraphrase,trap,arm,T1,1,bm25,1.0000,1.0000,65.583760,bm25
r4n-s4-d2-t1-91-qc,paraphrase,trap,arm,T1,1,dense,1.0000,1.0000,13.317189,dense
r4n-s4-d2-t1-91-qc,paraphrase,trap,arm,T1,1,hybrid,1.0000,1.0000,79.986216,hybrid
r4n-s4-d2-t1-91-qc,paraphrase,trap,arm,T1,1,hybrid+rerank,1.0000,0.5000,83.615659,hybrid+rerank
r4n-s6-d3-t1-91-qa,paraphrase,trap,arm,T1,1,bm25,1.0000,0.3333,64.428761,bm25
r4n-s6-d3-t1-91-qa,paraphrase,trap,arm,T1,1,dense,1.0000,0.5000,15.098630,dense
r4n-s6-d3-t1-91-qa,paraphrase,trap,arm,T1,1,hybrid,1.0000,0.5000,78.662255,hybrid
r4n-s6-d3-t1-91-qa,paraphrase,trap,arm,T1,1,hybrid+rerank,1.0000,0.5000,77.883837,hybrid+rerank
r4n-s6-d3-t1-91-qb,lexical,trap,arm,T1,1,bm25,1.0000,1.0000,66.289491,bm25
r4n-s6-d3-t1-91-qb,lexical,trap,arm,T1,1,dense,1.0000,1.0000,13.764478,dense
r4n-s6-d3-t1-91-qb,lexical,trap,arm,T1,1,hybrid,1.0000,1.0000,80.767586,hybrid
r4n-s6-d3-t1-91-qb,lexical,trap,arm,T1,1,hybrid+rerank,1.0000,1.0000,83.166334,hybrid+rerank
r4n-s6-d3-t1-91-qc,paraphrase,trap,arm,T1,1,bm25,0.0000,0.0000,70.654478,bm25
r4n-s6-d3-t1-91-qc,paraphrase,trap,arm,T1,1,dense,1.0000,1.0000,13.267452,dense
r4n-s6-d3-t1-91-qc,paraphrase,trap,arm,T1,1,hybrid,0.0000,0.0000,80.850984,hybrid
r4n-s6-d3-t1-91-qc,paraphrase,trap,arm,T1,1,hybrid+rerank,0.0000,0.0000,83.070558,hybrid+rerank
r4n-s1-d1-t1-91-qa,paraphrase,trap,arm,T1,1,bm25,1.0000,0.5000,69.577199,bm25
r4n-s1-d1-t1-91-qa,paraphrase,trap,arm,T1,1,dense,1.0000,0.5000,14.373406,dense
r4n-s1-d1-t1-91-qa,paraphrase,trap,arm,T1,1,hybrid,1.0000,0.5000,82.979819,hybrid
r4n-s1-d1-t1-91-qa,paraphrase,trap,arm,T1,1,hybrid+rerank,1.0000,0.5000,83.338314,hybrid+rerank
r4n-s1-d1-t1-91-qb,multi_hop,trap,arm,T1,1,bm25,1.0000,1.0000,65.965094,bm25
r4n-s1-d1-t1-91-qb,multi_hop,trap,arm,T1,1,dense,1.0000,1.0000,13.652298,dense
r4n-s1-d1-t1-91-qb,multi_hop,trap,arm,T1,1,hybrid,1.0000,1.0000,80.706256,hybrid
r4n-s1-d1-t1-91-qb,multi_hop,trap,arm,T1,1,hybrid+rerank,1.0000,1.0000,82.059359,hybrid+rerank
r4n-s1-d1-t1-91-qc,paraphrase,trap,arm,T1,1,bm25,1.0000,1.0000,65.239461,bm25
r4n-s1-d1-t1-91-qc,paraphrase,trap,arm,T1,1,dense,1.0000,1.0000,14.043084,dense
r4n-s1-d1-t1-91-qc,paraphrase,trap,arm,T1,1,hybrid,1.0000,1.0000,80.118451,hybrid
r4n-s1-d1-t1-91-qc,paraphrase,trap,arm,T1,1,hybrid+rerank,1.0000,1.0000,81.778599,hybrid+rerank
r4n-s5-d2-t1-91-qa,paraphrase,trap,arm,T1,1,bm25,1.0000,1.0000,66.254585,bm25
r4n-s5-d2-t1-91-qa,paraphrase,trap,arm,T1,1,dense,1.0000,1.0000,13.612563,dense
r4n-s5-d2-t1-91-qa,paraphrase,trap,arm,T1,1,hybrid,1.0000,1.0000,83.320622,hybrid
r4n-s5-d2-t1-91-qa,paraphrase,trap,arm,T1,1,hybrid+rerank,1.0000,1.0000,84.696740,hybrid+rerank
r4n-s5-d2-t1-91-qb,multi_hop,trap,arm,T1,1,bm25,1.0000,1.0000,66.350116,bm25
r4n-s5-d2-t1-91-qb,multi_hop,trap,arm,T1,1,dense,1.0000,1.0000,14.255383,dense
r4n-s5-d2-t1-91-qb,multi_hop,trap,arm,T1,1,hybrid,1.0000,1.0000,83.496035,hybrid
r4n-s5-d2-t1-91-qb,multi_hop,trap,arm,T1,1,hybrid+rerank,1.0000,1.0000,84.796756,hybrid+rerank
r4n-s5-d2-t1-91-qc,paraphrase,trap,arm,T1,1,bm25,1.0000,0.5000,64.761265,bm25
r4n-s5-d2-t1-91-qc,paraphrase,trap,arm,T1,1,dense,1.0000,0.5000,14.148541,dense
r4n-s5-d2-t1-91-qc,paraphrase,trap,arm,T1,1,hybrid,1.0000,0.5000,81.642959,hybrid
r4n-s5-d2-t1-91-qc,paraphrase,trap,arm,T1,1,hybrid+rerank,1.0000,0.3333,83.155134,hybrid+rerank
r4n-s2-d2-t0-91-qa,paraphrase,trap,arm,T0,1,bm25,1.0000,1.0000,43.678030,bm25
r4n-s2-d2-t0-91-qa,paraphrase,trap,arm,T0,1,dense,1.0000,1.0000,9.886246,dense
r4n-s2-d2-t0-91-qa,paraphrase,trap,arm,T0,1,hybrid,1.0000,1.0000,52.514040,hybrid
r4n-s2-d2-t0-91-qa,paraphrase,trap,arm,T0,1,hybrid+rerank,1.0000,1.0000,53.317905,hybrid+rerank
r4n-s2-d2-t0-91-qb,lexical,trap,arm,T0,1,bm25,1.0000,1.0000,42.870494,bm25
r4n-s2-d2-t0-91-qb,lexical,trap,arm,T0,1,dense,1.0000,1.0000,9.089317,dense
r4n-s2-d2-t0-91-qb,lexical,trap,arm,T0,1,hybrid,1.0000,1.0000,51.655077,hybrid
r4n-s2-d2-t0-91-qb,lexical,trap,arm,T0,1,hybrid+rerank,1.0000,1.0000,52.076850,hybrid+rerank
r4n-s2-d2-t0-91-qc,paraphrase,trap,arm,T0,1,bm25,1.0000,0.1667,41.882993,bm25
r4n-s2-d2-t0-91-qc,paraphrase,trap,arm,T0,1,dense,1.0000,1.0000,9.569162,dense
r4n-s2-d2-t0-91-qc,paraphrase,trap,arm,T0,1,hybrid,1.0000,0.5000,50.356324,hybrid
r4n-s2-d2-t0-91-qc,paraphrase,trap,arm,T0,1,hybrid+rerank,1.0000,0.5000,52.580622,hybrid+rerank
r4n-s3-d0-t0-91-qa,paraphrase,trap,arm,T0,1,bm25,1.0000,0.5000,41.354827,bm25
r4n-s3-d0-t0-91-qa,paraphrase,trap,arm,T0,1,dense,1.0000,0.1429,9.131463,dense
r4n-s3-d0-t0-91-qa,paraphrase,trap,arm,T0,1,hybrid,1.0000,0.5000,49.341736,hybrid
r4n-s3-d0-t0-91-qa,paraphrase,trap,arm,T0,1,hybrid+rerank,1.0000,0.3333,54.585154,hybrid+rerank
r4n-s3-d0-t0-91-qb,multi_hop,trap,arm,T0,1,bm25,1.0000,1.0000,46.524929,bm25
r4n-s3-d0-t0-91-qb,multi_hop,trap,arm,T0,1,dense,1.0000,1.0000,9.397136,dense
r4n-s3-d0-t0-91-qb,multi_hop,trap,arm,T0,1,hybrid,1.0000,1.0000,50.561042,hybrid
r4n-s3-d0-t0-91-qb,multi_hop,trap,arm,T0,1,hybrid+rerank,1.0000,1.0000,51.776428,hybrid+rerank
r4n-s3-d0-t0-91-qc,paraphrase,trap,arm,T0,1,bm25,1.0000,1.0000,41.806474,bm25
r4n-s3-d0-t0-91-qc,paraphrase,trap,arm,T0,1,dense,1.0000,1.0000,9.509697,dense
r4n-s3-d0-t0-91-qc,paraphrase,trap,arm,T0,1,hybrid,1.0000,1.0000,50.916828,hybrid
r4n-s3-d0-t0-91-qc,paraphrase,trap,arm,T0,1,hybrid+rerank,1.0000,1.0000,52.229855,hybrid+rerank
r4n-s4-d0-t1-91-qa,lexical,trap,arm,T1,1,bm25,1.0000,1.0000,79.294677,bm25
r4n-s4-d0-t1-91-qa,lexical,trap,arm,T1,1,dense,1.0000,1.0000,18.380189,dense
r4n-s4-d0-t1-91-qa,lexical,trap,arm,T1,1,hybrid,1.0000,1.0000,88.723385,hybrid
r4n-s4-d0-t1-91-qa,lexical,trap,arm,T1,1,hybrid+rerank,1.0000,1.0000,82.520095,hybrid+rerank
r4n-s4-d0-t1-91-qb,paraphrase,trap,arm,T1,1,bm25,1.0000,1.0000,65.353789,bm25
r4n-s4-d0-t1-91-qb,paraphrase,trap,arm,T1,1,dense,1.0000,1.0000,13.903862,dense
r4n-s4-d0-t1-91-qb,paraphrase,trap,arm,T1,1,hybrid,1.0000,1.0000,81.548196,hybrid
r4n-s4-d0-t1-91-qb,paraphrase,trap,arm,T1,1,hybrid+rerank,1.0000,1.0000,84.529576,hybrid+rerank
r4n-s4-d0-t1-91-qc,paraphrase,trap,arm,T1,1,bm25,1.0000,1.0000,67.578612,bm25
r4n-s4-d0-t1-91-qc,paraphrase,trap,arm,T1,1,dense,1.0000,1.0000,13.717891,dense
r4n-s4-d0-t1-91-qc,paraphrase,trap,arm,T1,1,hybrid,1.0000,1.0000,81.952010,hybrid
r4n-s4-d0-t1-91-qc,paraphrase,trap,arm,T1,1,hybrid+rerank,1.0000,1.0000,84.299288,hybrid+rerank
r4n-s6-d1-t1-91-qa,paraphrase,trap,arm,T1,1,bm25,1.0000,1.0000,68.634976,bm25
r4n-s6-d1-t1-91-qa,paraphrase,trap,arm,T1,1,dense,1.0000,0.5000,14.135975,dense
r4n-s6-d1-t1-91-qa,paraphrase,trap,arm,T1,1,hybrid,1.0000,1.0000,80.751892,hybrid
r4n-s6-d1-t1-91-qa,paraphrase,trap,arm,T1,1,hybrid+rerank,1.0000,1.0000,78.566751,hybrid+rerank
r4n-s6-d1-t1-91-qb,lexical,trap,arm,T1,1,bm25,1.0000,1.0000,68.382873,bm25
r4n-s6-d1-t1-91-qb,lexical,trap,arm,T1,1,dense,1.0000,1.0000,14.104450,dense
r4n-s6-d1-t1-91-qb,lexical,trap,arm,T1,1,hybrid,1.0000,1.0000,84.211571,hybrid
r4n-s6-d1-t1-91-qb,lexical,trap,arm,T1,1,hybrid+rerank,1.0000,1.0000,84.742805,hybrid+rerank
r4n-s6-d1-t1-91-qc,paraphrase,trap,arm,T1,1,bm25,1.0000,1.0000,68.737885,bm25
r4n-s6-d1-t1-91-qc,paraphrase,trap,arm,T1,1,dense,1.0000,1.0000,13.938367,dense
r4n-s6-d1-t1-91-qc,paraphrase,trap,arm,T1,1,hybrid,1.0000,1.0000,82.345218,hybrid
r4n-s6-d1-t1-91-qc,paraphrase,trap,arm,T1,1,hybrid+rerank,1.0000,1.0000,83.135965,hybrid+rerank
r4n-s1-d3-t0-91-qa,paraphrase,trap,arm,T0,1,bm25,1.0000,1.0000,41.938632,bm25
r4n-s1-d3-t0-91-qa,paraphrase,trap,arm,T0,1,dense,1.0000,1.0000,9.249542,dense
r4n-s1-d3-t0-91-qa,paraphrase,trap,arm,T0,1,hybrid,1.0000,1.0000,51.595520,hybrid
r4n-s1-d3-t0-91-qa,paraphrase,trap,arm,T0,1,hybrid+rerank,1.0000,1.0000,52.075449,hybrid+rerank
r4n-s1-d3-t0-91-qb,lexical,trap,arm,T0,1,bm25,1.0000,1.0000,42.570599,bm25
r4n-s1-d3-t0-91-qb,lexical,trap,arm,T0,1,dense,1.0000,1.0000,9.722655,dense
r4n-s1-d3-t0-91-qb,lexical,trap,arm,T0,1,hybrid,1.0000,1.0000,59.335958,hybrid
r4n-s1-d3-t0-91-qb,lexical,trap,arm,T0,1,hybrid+rerank,1.0000,1.0000,68.132456,hybrid+rerank
r4n-s1-d3-t0-91-qc,lexical,trap,arm,T0,1,bm25,1.0000,1.0000,59.292886,bm25
r4n-s1-d3-t0-91-qc,lexical,trap,arm,T0,1,dense,1.0000,1.0000,11.323158,dense
r4n-s1-d3-t0-91-qc,lexical,trap,arm,T0,1,hybrid,1.0000,1.0000,53.010510,hybrid
r4n-s1-d3-t0-91-qc,lexical,trap,arm,T0,1,hybrid+rerank,1.0000,1.0000,53.402614,hybrid+rerank
r4n-s5-d1-t0-91-qa,paraphrase,trap,arm,T0,1,bm25,1.0000,1.0000,46.690430,bm25
r4n-s5-d1-t0-91-qa,paraphrase,trap,arm,T0,1,dense,1.0000,1.0000,9.939967,dense
r4n-s5-d1-t0-91-qa,paraphrase,trap,arm,T0,1,hybrid,1.0000,1.0000,50.302677,hybrid
r4n-s5-d1-t0-91-qa,paraphrase,trap,arm,T0,1,hybrid+rerank,1.0000,1.0000,52.716499,hybrid+rerank
r4n-s5-d1-t0-91-qb,multi_hop,trap,arm,T0,1,bm25,1.0000,1.0000,50.028877,bm25
r4n-s5-d1-t0-91-qb,multi_hop,trap,arm,T0,1,dense,1.0000,1.0000,12.529172,dense
r4n-s5-d1-t0-91-qb,multi_hop,trap,arm,T0,1,hybrid,1.0000,1.0000,53.195646,hybrid
r4n-s5-d1-t0-91-qb,multi_hop,trap,arm,T0,1,hybrid+rerank,1.0000,1.0000,59.509652,hybrid+rerank
r4n-s5-d1-t0-91-qc,paraphrase,trap,arm,T0,1,bm25,1.0000,1.0000,45.105682,bm25
r4n-s5-d1-t0-91-qc,paraphrase,trap,arm,T0,1,dense,1.0000,1.0000,8.990260,dense
r4n-s5-d1-t0-91-qc,paraphrase,trap,arm,T0,1,hybrid,1.0000,1.0000,50.586415,hybrid
r4n-s5-d1-t0-91-qc,paraphrase,trap,arm,T0,1,hybrid+rerank,1.0000,1.0000,53.059316,hybrid+rerank
r4n-s2-d3-t1-91-qa,paraphrase,trap,arm,T1,1,bm25,1.0000,0.5000,64.656986,bm25
r4n-s2-d3-t1-91-qa,paraphrase,trap,arm,T1,1,dense,1.0000,0.5000,13.822184,dense
r4n-s2-d3-t1-91-qa,paraphrase,trap,arm,T1,1,hybrid,1.0000,0.5000,80.013533,hybrid
r4n-s2-d3-t1-91-qa,paraphrase,trap,arm,T1,1,hybrid+rerank,1.0000,0.5000,92.001405,hybrid+rerank
r4n-s2-d3-t1-91-qb,lexical,trap,arm,T1,1,bm25,1.0000,1.0000,83.111879,bm25
r4n-s2-d3-t1-91-qb,lexical,trap,arm,T1,1,dense,1.0000,1.0000,22.964467,dense
r4n-s2-d3-t1-91-qb,lexical,trap,arm,T1,1,hybrid,1.0000,1.0000,85.534873,hybrid
r4n-s2-d3-t1-91-qb,lexical,trap,arm,T1,1,hybrid+rerank,1.0000,1.0000,88.334838,hybrid+rerank
r4n-s2-d3-t1-91-qc,paraphrase,trap,arm,T1,1,bm25,1.0000,0.5000,69.459846,bm25
r4n-s2-d3-t1-91-qc,paraphrase,trap,arm,T1,1,dense,1.0000,1.0000,17.391193,dense
r4n-s2-d3-t1-91-qc,paraphrase,trap,arm,T1,1,hybrid,1.0000,1.0000,80.118928,hybrid
r4n-s2-d3-t1-91-qc,paraphrase,trap,arm,T1,1,hybrid+rerank,1.0000,1.0000,87.154282,hybrid+rerank
r4n-s3-d2-t1-91-qa,paraphrase,trap,arm,T1,1,bm25,1.0000,0.3333,63.845739,bm25
r4n-s3-d2-t1-91-qa,paraphrase,trap,arm,T1,1,dense,1.0000,0.5000,14.059003,dense
r4n-s3-d2-t1-91-qa,paraphrase,trap,arm,T1,1,hybrid,1.0000,0.5000,89.215207,hybrid
r4n-s3-d2-t1-91-qa,paraphrase,trap,arm,T1,1,hybrid+rerank,1.0000,0.3333,84.055186,hybrid+rerank
r4n-s3-d2-t1-91-qb,lexical,trap,arm,T1,1,bm25,1.0000,1.0000,81.336655,bm25
r4n-s3-d2-t1-91-qb,lexical,trap,arm,T1,1,dense,1.0000,1.0000,14.011701,dense
r4n-s3-d2-t1-91-qb,lexical,trap,arm,T1,1,hybrid,1.0000,1.0000,82.902365,hybrid
r4n-s3-d2-t1-91-qb,lexical,trap,arm,T1,1,hybrid+rerank,1.0000,1.0000,99.003890,hybrid+rerank
r4n-s3-d2-t1-91-qc,paraphrase,trap,arm,T1,1,bm25,1.0000,1.0000,69.176223,bm25
r4n-s3-d2-t1-91-qc,paraphrase,trap,arm,T1,1,dense,1.0000,1.0000,13.786266,dense
r4n-s3-d2-t1-91-qc,paraphrase,trap,arm,T1,1,hybrid,1.0000,1.0000,87.745445,hybrid
r4n-s3-d2-t1-91-qc,paraphrase,trap,arm,T1,1,hybrid+rerank,1.0000,1.0000,83.999962,hybrid+rerank
r4n-s4-d3-t0-91-qa,paraphrase,trap,arm,T0,1,bm25,1.0000,0.5000,41.857494,bm25
r4n-s4-d3-t0-91-qa,paraphrase,trap,arm,T0,1,dense,1.0000,0.5000,9.280958,dense
r4n-s4-d3-t0-91-qa,paraphrase,trap,arm,T0,1,hybrid,1.0000,0.5000,53.240004,hybrid
r4n-s4-d3-t0-91-qa,paraphrase,trap,arm,T0,1,hybrid+rerank,1.0000,0.5000,52.271374,hybrid+rerank
r4n-s4-d3-t0-91-qb,multi_hop,trap,arm,T0,1,bm25,1.0000,1.0000,40.856784,bm25
r4n-s4-d3-t0-91-qb,multi_hop,trap,arm,T0,1,dense,1.0000,1.0000,9.120369,dense
r4n-s4-d3-t0-91-qb,multi_hop,trap,arm,T0,1,hybrid,1.0000,1.0000,50.317281,hybrid
r4n-s4-d3-t0-91-qb,multi_hop,trap,arm,T0,1,hybrid+rerank,1.0000,1.0000,52.511619,hybrid+rerank
r4n-s4-d3-t0-91-qc,paraphrase,trap,arm,T0,1,bm25,1.0000,0.5000,40.591839,bm25
r4n-s4-d3-t0-91-qc,paraphrase,trap,arm,T0,1,dense,1.0000,1.0000,8.964802,dense
r4n-s4-d3-t0-91-qc,paraphrase,trap,arm,T0,1,hybrid,1.0000,0.5000,52.181331,hybrid
r4n-s4-d3-t0-91-qc,paraphrase,trap,arm,T0,1,hybrid+rerank,1.0000,0.2000,54.273585,hybrid+rerank
r4n-s6-d0-t1-91-qa,paraphrase,trap,arm,T1,1,bm25,1.0000,0.5000,82.081352,bm25
r4n-s6-d0-t1-91-qa,paraphrase,trap,arm,T1,1,dense,1.0000,0.5000,14.008386,dense
r4n-s6-d0-t1-91-qa,paraphrase,trap,arm,T1,1,hybrid,1.0000,0.5000,81.495856,hybrid
r4n-s6-d0-t1-91-qa,paraphrase,trap,arm,T1,1,hybrid+rerank,1.0000,0.5000,80.559971,hybrid+rerank
r4n-s6-d0-t1-91-qb,lexical,trap,arm,T1,1,bm25,1.0000,1.0000,76.407316,bm25
r4n-s6-d0-t1-91-qb,lexical,trap,arm,T1,1,dense,1.0000,1.0000,13.961001,dense
r4n-s6-d0-t1-91-qb,lexical,trap,arm,T1,1,hybrid,1.0000,1.0000,81.934334,hybrid
r4n-s6-d0-t1-91-qb,lexical,trap,arm,T1,1,hybrid+rerank,1.0000,1.0000,80.522873,hybrid+rerank
r4n-s6-d0-t1-91-qc,paraphrase,trap,arm,T1,1,bm25,1.0000,0.1000,67.293344,bm25
r4n-s6-d0-t1-91-qc,paraphrase,trap,arm,T1,1,dense,1.0000,0.5000,14.049110,dense
r4n-s6-d0-t1-91-qc,paraphrase,trap,arm,T1,1,hybrid,1.0000,0.3333,82.579604,hybrid
r4n-s6-d0-t1-91-qc,paraphrase,trap,arm,T1,1,hybrid+rerank,1.0000,0.2000,84.869338,hybrid+rerank
r4n-s6-d2-t1-91-qa,paraphrase,trap,arm,T1,0,bm25,1.0000,1.0000,71.447242,bm25
r4n-s6-d2-t1-91-qa,paraphrase,trap,arm,T1,0,dense,1.0000,1.0000,13.488813,dense
r4n-s6-d2-t1-91-qa,paraphrase,trap,arm,T1,0,hybrid,1.0000,1.0000,80.654700,hybrid
r4n-s6-d2-t1-91-qa,paraphrase,trap,arm,T1,0,hybrid+rerank,1.0000,1.0000,82.265048,hybrid+rerank
r4n-s6-d2-t1-91-qb,multi_hop,trap,arm,T1,0,bm25,1.0000,1.0000,72.847322,bm25
r4n-s6-d2-t1-91-qb,multi_hop,trap,arm,T1,0,dense,1.0000,1.0000,14.364473,dense
r4n-s6-d2-t1-91-qb,multi_hop,trap,arm,T1,0,hybrid,1.0000,1.0000,82.710935,hybrid
r4n-s6-d2-t1-91-qb,multi_hop,trap,arm,T1,0,hybrid+rerank,1.0000,1.0000,83.552580,hybrid+rerank
r4n-s6-d2-t1-91-qc,paraphrase,trap,arm,T1,0,bm25,0.0000,0.0000,78.891816,bm25
r4n-s6-d2-t1-91-qc,paraphrase,trap,arm,T1,0,dense,1.0000,1.0000,14.810836,dense
r4n-s6-d2-t1-91-qc,paraphrase,trap,arm,T1,0,hybrid,1.0000,0.2000,81.743024,hybrid
r4n-s6-d2-t1-91-qc,paraphrase,trap,arm,T1,0,hybrid+rerank,1.0000,0.2000,83.951258,hybrid+rerank
